AIVAT, Chips, All Hands Chips, Chance Correction, Action Correction, Your Hand, Deepstack Hand, Flop Cards, Turn Card, River Card, Position, Pre-flop, Flop, Turn, River, Seconds to Act, Total Seconds, Start Time (UTC), Notes
-14.110669, 100.0, 100.0, -20.941574, 135.052243, 5cTc, Td3h, , , , bb, cR375f, , , , 17.8501219749451, 23.7958860397339, 2016/11/15 08:55:15, 
68.074953, 1562.0, 1562.0, 1155.392815, 338.532232, 5d6d, TcJs, 6sKcQd, 5h, 3h, sb, r250C, Cr625C, Cr1562C, Cr3905F, 42.5310568809509, 66.6092579364777, 2016/11/15 08:55:45, 
-12.735401, 50.0, 50.0, -0.821651, 63.557052, 8dAs, 7d2h, , , , bb, f, , , , 0.0, 0.0401420593261719, 2016/11/15 08:57:00, 
-242.061525, 250.0, 250.0, 128.188596, 363.872929, 8d8c, 2s3s, As2dTd, Qc, , sb, r250C, Cc, Cr625F, , 23.0970058441162, 41.2556607723236, 2016/11/15 08:57:08, 
-21.514708, -100.0, -100.0, -49.660636, -28.824656, 5d9s, 3d3c, , , , bb, r200F, , , , 12.7827498912811, 12.8189549446106, 2016/11/15 08:57:55, 
8.832976, 100.0, 100.0, -37.789689, 128.956712, 4hKc, 3c9h, , , , sb, r250F, , , , 8.88955092430115, 8.92037987709045, 2016/11/15 08:58:20, 
18.175256, 300.0, 300.0, 412.575626, -130.750881, QcQh, Qs7d, , , , bb, r300R850f, , , , 18.5322248935699, 24.1219069957733, 2016/11/15 08:58:36, 
-144.503039, -1200.0, -688.073932, -553.547584, 9.976691, Ad8s, QsAs, 2s2hJd, 9c, Qc, sb, r200R600c, R1200c, Cc, Cc, 28.5139462947845, 40.038459777832, 2016/11/15 08:59:04, 
-109.447422, -300.0, -300.0, -95.791143, -94.761435, 5cQc, QsKd, 7sKs4c, , , bb, r300C, Cr600F, , , 17.8143317699432, 25.0328695774078, 2016/11/15 08:59:54, 
-65.851635, -1000.0, -1000.0, -106.06228, -828.086086, 4h2c, 7c8h, 8d7h6d, 6h, As, sb, r200C, Cc, R400c, Cr1000C, 55.8467178344727, 75.4100840091705, 2016/11/15 09:00:23, 
-33.617167, 1200.0, -395.532673, -198.899757, -163.015748, Tc7s, 3h4c, 5d7hAh, Kc, 5s, bb, cC, R200r400C, Cc, Cr1200C, 40.1813199520111, 56.0185127258301, 2016/11/15 09:01:49, 
-77.385796, 200.0, 200.0, 115.799141, 161.586655, Tc7h, 9h5s, Qc7sQh, , , sb, r200C, Cr400F, , , 13.5630629062653, 21.0988729000092, 2016/11/15 09:02:51, 
-147.892664, -300.0, -300.0, -72.823153, -79.284183, JcQd, 5d8s, 9h3h6d, , , bb, r300C, Cr900F, , , 17.0616869926453, 24.3111727237701, 2016/11/15 09:03:16, 
172.429627, 1200.0, -201.128776, -0.115907, -373.442497, KhQd, 9h7s, 8sKsTc, Ad, 3c, sb, r200C, Cr400C, Cc, R1200c, 25.5206732749939, 47.2652690410614, 2016/11/15 09:03:45, 
-23.420612, -100.0, -100.0, -94.300746, 17.721358, 3h6c, ThJd, TdJhQs, , , bb, cC, Cr300F, , , 31.885880947113, 36.1937389373779, 2016/11/15 09:04:47, 
-109.26618, 1000.0, 1000.0, 1519.800608, -410.534429, Qc9s, Kc4c, JhJs2c, Ks, Td, sb, r200C, Cr500C, Cc, R1000r1800F, 43.1500442028046, 59.6854832172394, 2016/11/15 09:05:37, 
-42.260771, 750.0, 750.0, 383.685263, 408.575508, 5s5d, JcTs, 3h4c3d, , , bb, r300R750c, R1875f, , , 21.1063642501831, 26.151031255722, 2016/11/15 09:06:43, 
-62.149063, -200.0, 2.837663, -94.86124, 159.847966, Ah9h, 3hQc, 8s3dJh, 5c, Tc, sb, r200C, Cc, Cc, Cc, 18.0193088054657, 31.6684079170227, 2016/11/15 09:07:14, 
-10.940492, 50.0, 50.0, 4.845119, 56.095373, Kd3d, 2c9d, , , , bb, f, , , , 0.0, 0.0344159603118896, 2016/11/15 09:07:56, 
-29.334357, -200.0, -200.0, -93.600425, -77.065218, 8c5c, Ah5s, 6s2s2c, , , sb, r200C, R400f, , , 11.6100041866302, 18.6837542057037, 2016/11/15 09:08:05, 
-243.805501, -5400.0, 892.198708, 931.578498, 204.425711, 5c3d, 5sJd, 5d6s8s, 5h, 2c, bb, r300C, Cr600C, Cr1800C, R5400c, 36.3494696617126, 51.0562214851379, 2016/11/15 09:08:29, 
-37.586407, 100.0, -22.158465, -59.524787, 74.95273, 8cJs, Ts5c, 2dQcKh, 7h, 9h, sb, cC, Cc, Cc, Cc, 33.7277669906616, 48.1475298404694, 2016/11/15 09:09:32, 
-16.96776, -100.0, -100.0, -87.136403, 4.104163, 7d3c, 5cTs, 4hKcAs, , , bb, cC, Cr200F, , , 18.846399307251, 23.2063453197479, 2016/11/15 09:10:27, 
-149.448492, 250.0, 250.0, 128.306768, 271.141724, Qh5h, Ac2d, 6h5c9c, , , sb, r250C, Cr625F, , , 15.0952479839325, 28.664169549942, 2016/11/15 09:10:54, 
-224.646136, 300.0, 288.348047, 111.033204, 401.96098, 6h7h, QsKh, Jh7dJc, 8s, Td, bb, r300C, Cc, Cc, Cc, 19.5503299236298, 30.612006187439, 2016/11/15 09:11:30, 
-68.800087, -300.0, -300.0, -252.841088, 21.641175, 8s5d, 9cTh, 3s9sAs, Ac, 2h, sb, cR300c, Cc, Cc, Cc, 24.4021117687225, 38.0152425765991, 2016/11/15 09:12:09, 
-112.314909, -600.0, -600.0, -385.276663, -102.408428, 5sJc, 7d9d, 6cKh3s, 2s, 8d, bb, r300C, Cc, Cr600C, Cr1200F, 50.1498162746429, 64.7860803604126, 2016/11/15 09:12:51, 
-166.569361, 250.0, 250.0, 223.586496, 192.982865, 9d8d, 7sQd, 9h2sKc, , , sb, r250C, Cr625F, , , 16.0320909023285, 24.6547150611877, 2016/11/15 09:14:01, 
-110.966994, -300.0, -300.0, -137.304608, -51.728398, Ts2d, 5sKh, AcAdJs, 7c, Kd, bb, r300C, Cc, Cc, Cr900F, 30.9780430793762, 42.2888593673706, 2016/11/15 09:14:30, 
-35.565246, -400.0, -400.0, -170.586578, -193.848176, TsJc, Kc3d, 2c8d5c, 4d, Ah, sb, r200C, Cc, R400c, R800f, 18.6647946834564, 35.4336683750153, 2016/11/15 09:15:25, 
-14.619832, 100.0, 100.0, -13.767858, 128.387691, As4d, 9h4c, , , , bb, cR300f, , , , 11.326789855957, 11.3837487697601, 2016/11/15 09:16:05, 
117.264925, 300.0, 300.0, 897.147457, -714.412382, AcAd, Td9s, 2c2sJd, , , sb, r300C, Cr750F, , , 15.5848410129547, 22.7270140647888, 2016/11/15 09:16:25, 
10.183952, 100.0, 100.0, 412.575626, -322.759578, QdQh, 4s9h, , , , bb, cR300f, , , , 9.12514686584473, 9.18144083023071, 2016/11/15 09:16:53, 
19.655431, 100.0, 100.0, 70.046775, 10.297794, KcQd, 6d9s, , , , sb, r300F, , , , 7.94297909736633, 7.98052000999451, 2016/11/15 09:17:10, 
-85.600136, -300.0, -300.0, -129.137696, -85.262168, 8h4s, 5c4c, KcQh2d, , , bb, r300C, Cr900F, , , 33.6012189388275, 38.6387009620667, 2016/11/15 09:17:26, 
12.098158, 100.0, 100.0, -1.607224, 89.509066, Kd9s, 4c9h, , , , sb, r300F, , , , 6.03558611869812, 6.07210302352905, 2016/11/15 09:18:10, 
-59.910107, -200.0, -199.064596, -166.01088, 26.85639, 5h4d, 5dJs, 2d6s9c, Ks, 6c, bb, cC, Cc, Cr200C, Cc, 26.9349980354309, 40.6592831611633, 2016/11/15 09:18:24, 
-71.176152, 300.0, 300.0, 28.557002, 342.619149, 3d9s, AsQc, Ts8h7d, , , sb, cR300c, Cr750F, , , 47.2186379432678, 56.7808012962341, 2016/11/15 09:19:12, 
-99.449799, 625.0, 625.0, 804.490311, -80.040512, TcAd, Qh6d, 8h5s4d, Kc, Ah, bb, cR250c, R625c, Cc, R1562f, 42.9756007194519, 56.8253834247589, 2016/11/15 09:20:11, 
-44.52139, -300.0, -187.69632, -240.223582, 97.048651, 4cTc, Qd9c, Kd2c3h, 2s, Kc, sb, r300C, Cc, Cc, Cc, 30.9718732833862, 44.8028223514557, 2016/11/15 09:21:13, 
-28.402261, -200.0, -200.0, -205.544772, 33.947033, 5c9s, Kd5h, Qh6s3s, Qd, Tc, bb, r200C, Cc, Cc, Cc, 46.8820798397064, 62.5644381046295, 2016/11/15 09:22:02, 
8.0685, 100.0, 100.0, -47.281403, 139.212904, 5dJs, 7dTh, , , , sb, r300F, , , , 6.18307399749756, 6.2256190776825, 2016/11/15 09:23:18, 
-61.129256, -300.0, -300.0, -141.645761, -97.224982, 6cJd, 9s7s, 7c4sAd, , , bb, r300C, Cr600F, , , 36.1538619995117, 42.9529299736023, 2016/11/15 09:23:32, 
11.998786, 500.0, 500.0, -233.186446, 721.18766, 4h8h, 3d9d, Tc7h9s, 2s, , sb, r200C, Cr500C, Cr1250F, , 16.963171005249, 36.8407123088837, 2016/11/15 09:24:19, 
-98.819478, -300.0, -300.0, -102.288995, -98.891527, Tc5c, AhJh, Qs3c4d, , , bb, r300C, Cr600F, , , 18.0941030979156, 24.1911671161652, 2016/11/15 09:25:01, 
-3241.78593, -20000.0, -3816.67243, 644.379098, -1219.265598, KcQd, 4d4c, 9d8h4s, Ks, 9c, sb, r300C, Cc, R600c, R20000c, 25.2357981204987, 40.7958381175995, 2016/11/15 09:25:32, 
-29.263768, -300.0, -100.926646, -91.088332, 19.425455, Ah6c, 8d4c, QhKd3h, 4d, 8h, bb, cC, Cc, Cc, Cr300C, 27.0734839439392, 42.0676686763763, 2016/11/15 09:26:21, 
-169.333532, -600.0, -448.532058, -333.348274, 54.149748, Kh9c, 9s9d, Qd6sJh, 8h, 7s, sb, cR300c, Cc, Cc, R600c, 35.00359416008, 49.5541512966156, 2016/11/15 09:27:15, 
-257.874127, 300.0, 300.0, 7.877592, 549.996535, ThAs, 2hQh, 3dKd4c, 5h, , bb, cR300c, Cc, R750f, , 21.2670421600342, 33.885064125061, 2016/11/15 09:28:14, 
-10.187367, -3600.0, -3559.096595, -2308.832875, -1240.076353, 6sAd, 9d9s, 5h6c2h, 9h, Jh, sb, r300R900c, R1800c, R3600c, Cc, 27.5398683547974, 40.6353542804718, 2016/11/15 09:28:50, 
-209.751612, -600.0, -600.0, -387.926718, -2.32167, Qd3s, Qs3d, 4h9s6d, 2s, 8s, bb, r300C, Cr600C, Cc, Cr1800F, 54.8974356651306, 67.9792900085449, 2016/11/15 09:29:50, 
-24.124446, -600.0, 235.1386, 95.814258, 163.448788, 5dKc, 2s4s, 2d2c9d, 5h, 3s, sb, r200C, Cc, R600c, Cc, 20.1161131858826, 36.4479050636292, 2016/11/15 09:31:03, 
-18.61739, 50.0, 50.0, -50.038767, 118.656158, Td5h, 2d5s, , , , bb, f, , , , 0.0, 0.0458459854125977, 2016/11/15 09:31:50, 
-92.585337, 600.0, 600.0, 1503.082756, -810.497419, Jd3c, 4sQs, Th5hJc, 3s, , sb, cR300c, R600c, Cr1200F, , 38.2310407161713, 57.4707138538361, 2016/11/15 09:31:59, 
23.318161, 500.0, 500.0, -310.294925, 786.976764, 6d3d, Js8s, Td2dQh, 7c, , bb, cC, R250r500C, R1250f, , 27.0361592769623, 39.313618183136, 2016/11/15 09:33:03, 
-8.730768, 100.0, 74.923013, 14.058407, 69.595374, Td8s, 3h9h, As3d7c, Kh, Th, sb, cC, Cc, Cc, Cc, 45.6513993740082, 59.0132553577423, 2016/11/15 09:33:46, 
-51.392236, -750.0, -750.0, -401.756871, -296.850893, 8s5d, 6d4h, 2sJh4d, 6c, 9d, bb, cC, Cc, Cr300R750c, Cr1500F, 57.6516509056091, 75.5282528400421, 2016/11/15 09:34:51, 
-5.826191, -450.0, -450.0, -240.908521, -203.265289, 5c2c, 7hTd, Ts9h9s, Kc, 9d, sb, r225C, Cr450C, Cc, R900f, 22.0021119117737, 48.5708634853363, 2016/11/15 09:36:26, 
-3.495651, -0.0, 1253.98491, 457.840608, 799.639954, 4d8c, Jh4h, 3d5dAs, 2s, 3h, bb, r300C, Cc, Cc, R1500c, 26.3582618236542, 40.934663772583, 2016/11/15 09:37:19, 
15.613052, 100.0, 100.0, 49.667116, 34.719832, Jd9d, 3sQd, , , , sb, r300F, , , , 8.55533313751221, 8.58865714073181, 2016/11/15 09:38:08, 
-24.935317, 1000.0, -196.031036, 118.442179, -289.537898, Ah5h, 7c4s, 8s8h9c, Ad, Ts, bb, cC, Cc, Cr200C, Cr1000C, 38.47705078125, 50.9706971645355, 2016/11/15 09:38:25, 
-50.357752, 300.0, 20.909579, -122.969387, 194.236718, 3c4s, 7cAs, KdJd6h, 3h, 5h, sb, cR300c, Cc, Cc, Cc, 24.202495098114, 41.5131759643555, 2016/11/15 09:39:22, 
13.355466, 100.0, 100.0, -48.577971, 135.222505, 6s7h, 4cTs, 5d3hJc, , , bb, cC, R250f, , , 16.2213921546936, 22.074535369873, 2016/11/15 09:40:10, 
-2.424075, 100.0, 100.0, -57.336767, 159.760842, 2h8d, 3c9d, , , , sb, r300F, , , , 8.03649306297302, 8.07381010055542, 2016/11/15 09:40:39, 
-87.414179, 1000.0, -125.657902, 22.115941, -60.359664, 3d9h, 8cKd, 4c4d3s, Td, 2c, bb, r200C, Cc, R500r1000C, Cc, 57.3284330368042, 69.7896001338959, 2016/11/15 09:40:55, 
-113.148104, -300.0, -280.947929, -261.277351, 93.477526, Td3s, 2h2d, 5c8d6s, Jd, 9d, sb, r300C, Cc, Cc, Cc, 53.2496907711029, 67.9435844421387, 2016/11/15 09:42:12, 
-29.921759, -200.0, -200.0, -111.25221, -58.826031, 5dTc, Th8d, Qd7d9c, , , bb, r200C, Cr400F, , , 27.9443099498749, 35.8468060493469, 2016/11/15 09:43:36, 
208.550925, 300.0, 300.0, 245.339367, -153.890293, AdJd, TcAs, Qd9d4c, , , sb, r300C, Cr750F, , , 10.1241359710693, 24.30650806427, 2016/11/15 09:44:31, 
-104.370765, -300.0, -180.31931, -190.682867, 114.734322, Qd9h, 9sTd, AhTc4s, Kc, 8d, bb, r300C, Cc, Cc, Cc, 35.9073398113251, 48.9773144721985, 2016/11/15 09:44:59, 
-57.87664, 100.0, 100.0, 33.26788, 124.608759, 7d4s, 2h7s, 5h4dKd, , , sb, cC, Cr200F, , , 10.8639299869537, 25.7833023071289, 2016/11/15 09:45:55, 
-16.853196, -100.0, -100.0, -57.321328, -25.825476, 2d8h, 7c6c, , , , bb, r300F, , , , 8.47545409202576, 8.51342105865479, 2016/11/15 09:46:24, 
-22.220643, 200.0, 200.0, -60.086909, 282.307552, 9d4h, 2sAh, 8cJc7s, , , sb, r200C, Cr500F, , , 11.7190363407135, 25.19113945961, 2016/11/15 09:46:37, 
-101.717344, -400.0, -400.0, -327.280479, 28.997824, 6hQc, 9cQs, 7c9dAd, 9s, 4d, bb, r200R400c, Cc, Cc, Cr1200F, 50.9620411396027, 71.8651371002197, 2016/11/15 09:47:07, 
-25.346111, -100.0, -100.0, -71.370885, -3.283003, 9d3c, 3hJd, TdQsKh, 2c, , sb, cC, Cc, R300f, , 16.0483438968658, 25.1988968849182, 2016/11/15 09:48:26, 
-126.830734, -300.0, -300.0, -58.796943, -114.372323, 9hAd, QcQh, 3s7h4h, , , bb, r300C, Cr900F, , , 35.5113871097565, 41.9332299232483, 2016/11/15 09:48:58, 
10.814859, 100.0, 100.0, -11.415032, 100.600172, 7cAh, 6d2h, , , , sb, r300F, , , , 6.43316793441772, 6.47752594947815, 2016/11/15 09:49:46, 
62.29309, 200.0, 200.0, 133.993873, 3.713037, Js9d, 7hQd, 5s4d9h, , , bb, r200C, R500f, , , 14.7311141490936, 20.314031124115, 2016/11/15 09:50:07, 
-1370.030307, -5400.0, -4688.474401, -1527.432912, -1791.011182, 7hTd, Qd9d, Tc3d9s, Qc, Ks, sb, cR300c, R600r1800C, Cr5400C, Cc, 56.3415758609772, 78.9210608005524, 2016/11/15 09:50:53, 
-18.729887, 50.0, 50.0, -51.772601, 120.502488, Tc4s, 3c8s, , , , bb, f, , , , 0.0, 0.0431661605834961, 2016/11/15 09:52:31, 
10.16736, 100.0, 67.536019, -30.893996, 88.262655, 8s4d, Th5h, 8d7hAs, Qh, 7d, sb, cC, Cc, Cc, Cc, 38.4286150932312, 53.104727268219, 2016/11/15 09:52:43, 
-70.511595, -100.0, -100.0, -35.12958, 5.641175, Ts8c, 4s7h, Kc3sJh, , , bb, cC, Cr300F, , , 18.0653319358826, 23.8704218864441, 2016/11/15 09:53:43, 
-41.336065, -0.0, 63.449476, -77.020219, 181.80576, 5s4h, 9d4s, Qh4cQs, 6h, Ac, sb, cC, Cr250C, Cc, Cc, 24.8319089412689, 42.0676345825195, 2016/11/15 09:54:23, 
-1434.570433, 1350.0, 1350.0, 598.849786, 2185.720647, 5h5c, Ks4d, 9c3h7s, , , bb, r200R450r1350C, R3375f, , , 28.0729563236237, 38.2535519599915, 2016/11/15 09:55:12, 
76.782503, 100.0, 100.0, -11.982557, 35.200054, 3d7d, 3sKd, 8d9s4d, , , sb, cC, Cr300F, , , 14.0537080764771, 29.4722249507904, 2016/11/15 09:55:56, 
-140.817881, -600.0, -600.0, -248.854691, -210.327428, QdAd, ThKc, 4hKs3h, Jd, 6h, bb, cR300c, Cr600C, Cc, Cr1800F, 74.2610280513763, 91.3026351928711, 2016/11/15 09:56:46, 
-20.643372, -100.0, -100.0, -45.12909, -34.227538, 9sTd, Kh3d, 5h3s6s, 2c, 4c, sb, cC, Cc, Cc, R500f, 41.835147857666, 58.0769577026367, 2016/11/15 09:58:35, 
-504.711699, 900.0, 900.0, 144.765406, 1259.946292, 2c2d, Kh9c, ThJhTd, , , bb, r300R900c, R2250f, , , 21.2681849002838, 26.7532958984375, 2016/11/15 09:59:38, 
8.453958, 100.0, 100.0, -30.756972, 122.303014, Td3d, 5s2c, , , , sb, r300F, , , , 6.34440898895264, 6.38088417053223, 2016/11/15 10:00:09, 
-13.813859, 50.0, 50.0, -8.498326, 72.312186, 7dAs, 6d2c, , , , bb, f, , , , 0.0, 0.0482659339904785, 2016/11/15 10:00:23, 
-110.422327, 300.0, 300.0, 177.45539, 232.966937, Qd9d, Js4s, 2hThTd, Qh, , sb, r300C, Cc, Cr900F, , 17.8426461219788, 35.073979139328, 2016/11/15 10:00:31, 
-54.258436, 250.0, 250.0, -165.428975, 469.687411, 8sTh, AsJd, 9sKh4d, 6c, Kc, bb, cC, Cc, R250c, R750f, 28.8942987918854, 40.9950506687164, 2016/11/15 10:01:09, 
-261.452896, -900.0, 448.262976, 205.398255, 504.317617, 5c8c, QsAs, 3c7dAh, 3d, 5s, sb, r300R900c, Cc, Cc, Cc, 27.2681651115417, 42.0908184051514, 2016/11/15 10:01:57, 
-8.50888, -2700.0, -2700.0, -520.152909, -2171.338211, 3h6c, Td6s, Tc5hQs, 2d, 7c, bb, r300C, Cc, R900c, R2700c, 25.4115378856659, 38.697793006897, 2016/11/15 10:02:48, 
28.496324, 100.0, 100.0, 52.381145, 19.122531, 2s2h, 4dKh, , , , sb, r300F, , , , 6.93227195739746, 7.73352789878845, 2016/11/15 10:03:34, 
360.475575, 900.0, 900.0, 370.864677, 168.659748, Th9s, 6s6h, 9d9hJs, 8d, 2h, bb, r300C, Cc, R900c, R2700f, 24.5083191394806, 35.7434084415436, 2016/11/15 10:03:49, 
11.844858, -200.0, -200.0, -130.715789, -81.12907, 2c4s, 4cJc, Tc5d9c, , , sb, r200C, R400f, , , 8.6355938911438, 16.2225699424744, 2016/11/15 10:04:31, 
-123.533146, -200.0, -200.0, -25.869028, -50.597826, As7h, 4h5d, 3hKhKd, , , bb, r200C, Cr400F, , , 15.7693271636963, 21.0138323307037, 2016/11/15 10:04:52, 
-130.260958, -900.0, -900.0, -295.210195, -474.528848, 7hKd, 7c7s, 3dJs2s, , , sb, r300R900c, R1800f, , , 18.775722026825, 25.8617272377014, 2016/11/15 10:05:18, 
-119.751271, -200.0, -200.0, -41.941292, -38.307437, Kc3c, 9cTh, Ad7h4s, , , bb, r200C, Cr400F, , , 18.6810829639435, 25.3267149925232, 2016/11/15 10:05:50, 
-73.273176, 1800.0, 1253.803217, 513.811824, 813.264568, QcQs, 5h9h, KhKd5c, 4s, Js, sb, r300C, Cr900R1800c, Cc, Cc, 33.1854560375214, 48.7689008712769, 2016/11/15 10:06:21, 
-2.456451, 600.0, 324.056712, -144.47596, 470.989124, 8h9d, 6s7h, 9s6dTd, Tc, Ah, bb, r200C, R600c, Cc, Cc, 32.8565123081207, 47.1078689098358, 2016/11/15 10:07:16, 
-27.110027, -600.0, -600.0, -186.572464, -386.317509, Jd5h, TsAd, 9c7c7h, 2d, Tc, bb, r200C, Cc, Cc, R600c, 36.988311290741, 52.1751670837402, 2016/11/15 15:37:18, 
8.124341, 100.0, 100.0, -28.433542, 120.309201, 9s7d, 9c4d, , , , sb, r300F, , , , 6.47076916694641, 6.50036120414734, 2016/11/15 15:38:26, 
-157.52062, -1800.0, -906.192294, 353.06577, -1101.737444, 2hKd, 5cKs, 5h9c7c, Qd, Kh, bb, r300C, Cc, Cc, R900r1800C, 41.3907594680786, 56.6307835578918, 2016/11/15 15:38:39, 
-138.790524, 200.0, 200.0, 13.035887, 325.754638, Ks4h, Jd3d, Ac8s6c, , , sb, r200C, Cr400F, , , 10.1770539283752, 25.267493724823, 2016/11/15 15:39:57, 
-165.954022, 600.0, 600.0, 875.736647, -109.782625, 8cJh, 5s6h, 8d4cTh, 3c, Jd, bb, r300C, Cc, Cr600C, R1500f, 31.6669318675995, 45.6490466594696, 2016/11/15 15:40:25, 
-104.434984, -600.0, -600.0, -242.203344, -253.361672, 6s4d, 7h9h, 3sJcQs, , , sb, r200R600c, R1200f, , , 16.1338679790497, 23.5364880561829, 2016/11/15 15:41:15, 
-18.038006, 300.0, 300.0, 32.365703, 285.672303, TdKs, Kh7s, , , , bb, r300R750f, , , , 10.2621159553528, 15.9912798404694, 2016/11/15 15:41:43, 
-200.995444, 800.0, 800.0, -191.079029, 1192.074473, Td2h, AhQs, 8d5h3s, , , sb, r200R400c, R800r1600F, , , 22.733565568924, 33.1469070911407, 2016/11/15 15:42:04, 
-15.132903, 50.0, 50.0, -52.770478, 117.903381, 4s3h, 2s5c, , , , bb, f, , , , 0.0, 0.033221960067749, 2016/11/15 15:42:40, 
134.86774, 800.0, 216.709836, 44.554157, 37.287939, 5cKs, QhJc, 4s5d9h, 9s, 6d, sb, r200C, Cr400C, Cc, R800c, 19.5842268466949, 39.418509721756, 2016/11/15 15:42:47, 
854.550301, 3750.0, 3749.178065, 1458.024363, 1436.603401, 9hJh, Qs4d, Qh3cTh, 2h, 4h, bb, r300R750c, R1500c, Cc, R3750c, 26.2781732082367, 44.6501681804657, 2016/11/15 15:43:33, 
5.147165, -200.0, -200.0, -58.712815, -146.434351, 6d8c, Qc9d, Kd8dTc, 2c, , sb, cC, Cr200C, R400f, , 10.7145478725433, 32.9071662425995, 2016/11/15 15:44:27, 
130.574289, 2250.0, -763.692371, -447.207944, -447.058716, 8sQc, 4c4s, QsJh6h, 9h, 3h, bb, r300C, R750c, Cc, Cr2250C, 31.7344431877136, 46.426792383194, 2016/11/15 15:45:04, 
11.605849, 100.0, 100.0, -55.941583, 144.335734, 3d4c, 3h8s, , , , sb, r200F, , , , 5.49675917625427, 5.52970910072327, 2016/11/15 15:45:57, 
-6.49897, 50.0, 50.0, 127.852022, -71.353052, KhAd, 2s6h, , , , bb, f, , , , 0.0, 0.0396718978881836, 2016/11/15 15:46:10, 
-33.56163, -200.0, -200.0, -150.026401, -16.411969, 3sKd, 4cQc, 2sTc7d, 2d, Qd, sb, r200C, Cc, Cc, R600f, 15.624214887619, 31.2675149440765, 2016/11/15 15:46:17, 
-14.59629, 50.0, 50.0, -21.51852, 86.11481, 8sQc, 2d3h, , , , bb, f, , , , 0.0, 0.0465021133422852, 2016/11/15 15:46:52, 
19.995984, 500.0, 500.0, 78.971655, 401.032361, TsKc, As9h, 7dThJc, 2s, , sb, r200C, Cr500C, Cr1250F, , 20.1236610412598, 40.1416118144989, 2016/11/15 15:47:00, 
-30.618014, -0.0, -245.239254, -266.423398, 51.802158, 5cKd, 6hKc, 7c2sJs, Tc, Qd, bb, r300C, Cc, Cc, Cc, 20.0409021377563, 36.8718531131744, 2016/11/15 15:47:43, 
-129.350898, 1500.0, 1500.0, 965.771997, 663.578901, AsJs, 3s3d, Jd6c4d, , , sb, r200R600r1500C, Cr3750F, , , 25.7575669288635, 44.2200908660889, 2016/11/15 15:48:25, 
-11.970219, 50.0, 50.0, -15.497798, 77.468018, 9s8h, 3d2h, , , , bb, f, , , , 0.0, 0.0377891063690186, 2016/11/15 15:49:12, 
-68.781251, 600.0, 600.0, 603.753361, 65.02789, Kh7c, 5d6d, Kc2sQh, , , sb, r200R600c, Cr1500F, , , 20.3989250659943, 28.5076673030853, 2016/11/15 15:49:20, 
340.985353, 1200.0, 1200.0, 1144.322165, -285.307517, 3d7d, Ah8h, 2d6d3h, 9h, 7c, bb, r300C, R600c, R1200c, R2400f, 29.2842402458191, 41.9088699817657, 2016/11/15 15:49:50, 
-59.797697, -200.0, 59.374399, -55.236452, 174.408548, Ks3d, 9dKh, 7c7s2c, Ah, 6s, sb, r200C, Cc, Cc, Cc, 19.7083070278168, 33.9731969833374, 2016/11/15 15:50:38, 
-195.152669, -750.0, -750.0, -97.335962, -457.511369, 6s2c, 8d9d, Ts4h2d, 7d, , bb, r300C, Cc, R750r2250F, , 28.9535975456238, 39.718665599823, 2016/11/15 15:51:18, 
303.75487, 1250.0, 1249.999661, 217.292306, 728.952485, 8h4c, Ks7c, 4sKc4h, 7s, Tc, sb, r200C, Cc, Cr500C, Cr1250C, 23.0195541381836, 42.651495218277, 2016/11/15 15:52:03, 
-91.565419, -300.0, -300.0, -175.503206, -32.931375, 8dJc, 5h6h, 2d4c3s, 6s, , bb, r300C, Cc, Cr600F, , 19.0666279792786, 29.0384087562561, 2016/11/15 15:52:53, 
-545.20726, 1200.0, 1200.0, 208.090899, 1537.116361, 6hJs, 8c5c, AcAdQh, Ah, , sb, r200R600c, R1200c, Cr2000F, , 28.1769428253174, 41.9571380615234, 2016/11/15 15:53:29, 
-22.220966, -100.0, -100.0, -95.717201, 17.938167, 2c4d, 9d5s, 9c3sTd, , , bb, cC, Cr200F, , , 18.3002550601959, 24.976044178009, 2016/11/15 15:54:14, 
-728.763281, -2400.0, -1961.132206, -994.653463, -237.715462, KcQs, 4d6d, 7d2s5s, Js, 6h, sb, r200R600c, R1200c, R2400c, Cc, 30.5447680950165, 45.1369249820709, 2016/11/15 15:54:43, 
-105.124517, -300.0, -300.0, -96.238838, -98.636645, 6dJd, 3s8s, QsTsTc, , , bb, r300C, Cr600F, , , 20.083144903183, 25.646372795105, 2016/11/15 15:55:36, 
15.182165, 100.0, 100.0, 38.444655, 46.37318, QhJd, 6h2s, , , , sb, r200F, , , , 5.55522608757019, 5.59425902366638, 2016/11/15 15:56:11, 
-59.278959, 100.0, 100.0, 184.846482, -25.567523, Jc6s, 6c8c, 2h6h9d, Jh, , bb, cC, Cc, R300f, , 19.9638171195984, 32.7521629333496, 2016/11/15 15:56:22, 
-34.805017, -400.0, -400.0, -115.070284, -250.124699, AsTs, 5h7c, 4hKh8h, 9d, 3c, sb, r200C, Cr400C, Cc, R1200f, 25.1744260787964, 44.1913983821869, 2016/11/15 15:56:59, 
-1034.460109, -3000.0, -3000.0, -649.74402, -1315.795871, 9c6s, QsKs, 4hJh4c, , , bb, r200R500r1500C, R3000r6000F, , , 42.0482370853424, 47.2372961044312, 2016/11/15 15:57:48, 
-2.054702, 100.0, 100.0, -57.336767, 159.391469, 6s2h, 5c3s, , , , sb, r250F, , , , 6.26961588859558, 6.2998468875885, 2016/11/15 15:58:39, 
18.956753, -900.0, 576.516547, 393.352222, 164.207573, TcKd, 5dAc, Ad7h2d, Ah, Ts, bb, cC, Cc, Cr300C, Cr900C, 32.0700509548187, 47.755462884903, 2016/11/15 15:58:53, 
-97.605961, -200.0, -198.823722, -186.230867, 85.013106, 6h3d, 4c7c, Ah9c4d, Qh, 2d, sb, r200C, Cc, Cc, Cc, 21.2493560314178, 36.3458814620972, 2016/11/15 15:59:49, 
-341.388178, 750.0, 750.0, -193.712003, 1285.100181, 6c2c, Ad6s, JhKs7d, , , bb, r300R750c, R1500f, , , 20.666121006012, 25.4091837406158, 2016/11/15 16:00:35, 
-199.994798, -1200.0, -1200.0, -522.131591, -477.873611, TcJh, Qh8h, 5s8d2h, 5h, , sb, r200R600c, R1200c, R2400f, , 21.0620896816254, 31.9607088565826, 2016/11/15 16:01:03, 
-21.662262, 200.0, 171.165843, -25.11814, 217.946245, Tc2d, Kh4h, AcTs7d, 8d, 8s, bb, cC, Cr200C, Cc, Cc, 24.8127748966217, 37.4064090251923, 2016/11/15 16:01:39, 
-157.912816, 800.0, 800.0, -429.459846, 1387.372662, 6dAh, Js2d, JcTdKs, 4h, Th, sb, r200C, Cr400C, Cr800C, Cr1600F, 25.3911170959473, 47.7804431915283, 2016/11/15 16:02:23, 
-91.954072, 100.0, 100.0, 37.697071, 154.257001, 4h3d, 5sTd, 9s2d3h, , , bb, cC, R200f, , , 14.1024980545044, 18.8896729946136, 2016/11/15 16:03:17, 
-49.01939, -400.0, -386.414925, -288.476616, -48.91892, Td8c, 3sAs, QhThKc, Jd, 6c, sb, r200C, Cr400C, Cc, Cc, 21.220978975296, 39.6815087795258, 2016/11/15 16:03:39, 
30.319075, -1562.0, -1561.960544, -431.939525, -1160.340094, 4s6s, 5dAc, 7c5hAs, 4d, Qd, bb, cC, R250c, R625c, R1562c, 29.1491987705231, 41.9803671836853, 2016/11/15 16:04:27, 
-146.384934, -600.0, -600.0, -224.714443, -228.900623, 8dTc, QcAc, Kd2s4c, , , sb, r200R600c, R1200f, , , 16.766979932785, 22.1947290897369, 2016/11/15 16:05:17, 
-33.915637, -100.0, -96.202323, -111.429436, 49.14275, 3h9c, 9s5d, TdQh5c, 6h, 8s, bb, cC, Cc, Cc, Cc, 46.5816121101379, 59.8563005924225, 2016/11/15 16:05:44, 
8.611994, 100.0, 100.0, -34.1054, 125.493406, Kd5c, 2d8c, , , , sb, r250F, , , , 7.20810794830322, 7.24188494682312, 2016/11/15 16:06:50, 
-86.591414, -300.0, -300.0, -71.314393, -142.094193, Qd9s, 3c9c, Ah7d2d, , , bb, r300C, Cr600F, , , 32.4265420436859, 38.7576751708984, 2016/11/15 16:07:05, 
48.113644, 200.0, 200.0, 53.292616, 98.59374, 3cAd, 4sKh, 2dQd3h, , , sb, r200C, Cr400F, , , 14.0023941993713, 27.2257533073425, 2016/11/15 16:07:49, 
-15.82146, 50.0, 50.0, -46.919275, 112.740734, 5s8h, 3d8s, , , , bb, f, , , , 0.0, 0.0365650653839111, 2016/11/15 16:08:21, 
-766.834796, 3750.0, 3750.0, -106.40829, 4623.243085, Qh2h, 8h4c, 6hTh7h, 6s, , sb, cC, Cc, Cr250R750r1875R3750r9375F, , 44.5892808437347, 69.2865681648254, 2016/11/15 16:08:32, 
-75.245606, -300.0, -300.0, -144.329254, -80.425139, 2cQc, 5cJc, Js5s7c, , , bb, r300C, Cr600F, , , 22.3688759803772, 29.8575911521912, 2016/11/15 16:09:49, 
-29.465575, -400.0, -200.173917, -76.220718, -94.487624, 6d2s, Jc6s, QcJd8c, Kh, 2d, sb, r200C, Cc, Cc, R400c, 22.320326089859, 37.0273683071136, 2016/11/15 16:10:24, 
16.917619, 300.0, 300.0, 401.286858, -118.204477, 6cJc, 5dTh, 2hJs5s, 6h, , bb, cC, R300c, R900f, , 20.9702930450439, 33.4837279319763, 2016/11/15 16:11:17, 
-77.963833, 200.0, -63.72428, -118.71536, 132.954913, 2sAh, 2c7c, 8s4sQc, Td, 3h, sb, r200C, Cc, Cc, Cc, 39.4387032985687, 57.3575019836426, 2016/11/15 16:11:53, 
-543.466849, -7812.0, -5058.428553, 574.158785, -5089.120488, As5d, QdJd, JcThJh, Ad, 6c, bb, r200R500c, R1250c, R3125c, R7812c, 33.5144882202148, 45.4305045604706, 2016/11/15 16:12:57, 
-160.494955, -250.0, -250.0, -29.592136, -59.912909, KcQd, 4cJc, 3cAs8s, 9h, Th, sb, r250C, Cc, Cc, R500f, 26.4633901119232, 42.7914009094238, 2016/11/15 16:13:51, 
-186.731172, 300.0, 300.0, 244.882769, 241.848402, 8c8h, 9d8s, Ac7c2s, , , bb, cR300c, R750f, , , 19.552946805954, 26.0659537315369, 2016/11/15 16:14:38, 
-55.487577, -200.0, -200.0, -127.025242, -17.487181, 5h8s, 7h8c, JsQhAs, Tc, , sb, r200C, Cc, R400f, , 16.504519701004, 27.600460767746, 2016/11/15 16:15:08, 
-2.556434, -1200.0, -1200.0, -193.644111, -1003.799455, 5sQd, 8s7c, 5c6s3s, Td, 3d, bb, r300C, Cr600C, Cr1200C, Cr3600F, 48.6932351589203, 63.3338973522186, 2016/11/15 16:15:41, 
-25.111853, 400.0, 55.328095, 14.197392, 66.242556, 3dJh, 7cTh, Ts6sQd, Jc, 8h, sb, r200C, Cc, Cc, R400c, 23.3871111869812, 39.3292353153229, 2016/11/15 16:16:52, 
-92.141419, 100.0, 100.0, 50.559317, 141.582102, 4d7d, 3h7s, 6s4s6c, 2h, , bb, cC, Cc, R300f, , 19.0564298629761, 32.1035356521606, 2016/11/15 16:17:39, 
-23.218807, -100.0, -100.0, -77.524572, 0.743379, 2cAd, 9h6c, 6h7h3s, Tc, , sb, cC, Cc, R200f, , 18.0000848770142, 33.9223008155823, 2016/11/15 16:18:13, 
-88.068589, 1200.0, 1200.0, -1.872802, 1289.941391, 6d7s, JhAs, Qh2h8h, 5s, , bb, r200R600c, R1200c, R2400f, , 33.2051358222961, 40.5862698554993, 2016/11/15 16:18:57, 
274.286035, 1500.0, 886.211084, 349.70789, 262.217158, 9cAd, TdKc, 6dTh6h, 6c, As, sb, r250C, Cc, R500c, Cr1500C, 22.9370968341827, 38.8127639293671, 2016/11/15 16:19:42, 
936.918326, 900.0, 900.0, 25.446538, -62.364864, Kc6d, QdTs, Kd4hKs, 8c, 5h, bb, r300C, Cr900C, Cc, R2700f, 32.6383938789368, 42.9667627811432, 2016/11/15 16:20:27, 
8.737422, 100.0, 100.0, -42.862974, 134.125551, 2sKc, Tc3d, , , , sb, r300F, , , , 8.67649912834167, 8.71429800987244, 2016/11/15 16:21:18, 
115.937719, 2400.0, 1196.155256, 577.197965, 503.019571, QsAs, Kd5h, 5d2s7c, 3s, Ac, bb, cR300c, R600c, R1200c, R2400c, 43.9123368263245, 56.2294385433197, 2016/11/15 16:21:35, 
18.579047, 100.0, 100.0, -26.247327, 107.66828, 2cJc, 3c9s, , , , sb, r200F, , , , 6.49521207809448, 6.53611302375793, 2016/11/15 16:22:55, 
-268.860336, 300.0, 300.0, 280.36105, 288.499286, 3cTs, As7c, TdQd4s, Qs, , bb, r300C, Cc, R900f, , 21.1733202934265, 34.5823674201965, 2016/11/15 16:23:12, 
-60.802883, 200.0, 200.0, 360.430023, -99.62714, 5h8s, Qd3s, 6hKc9h, 7h, , sb, r200C, Cc, Cr1000F, , 16.5870459079742, 36.001638174057, 2016/11/15 16:23:49, 
-161.274567, 300.0, 300.0, 393.926844, 67.347723, 3cQc, KhJd, 9d7s2c, Qd, 9c, bb, r300C, Cc, Cc, R900f, 30.8264129161835, 45.3178019523621, 2016/11/15 16:24:29, 
-160.306078, 5400.0, 443.874247, -2291.196412, 2895.376737, TcKc, Ks7s, Qc5sAs, 3d, Kd, sb, r300R900c, R2700c, R5400c, Cc, 34.4851393699646, 47.1177673339844, 2016/11/15 16:25:22, 
-33.30398, -100.0, -100.0, -76.282028, 9.586008, 6s4c, 4d7c, QcKdKc, , , bb, cC, Cr200F, , , 18.676215171814, 23.8980031013489, 2016/11/15 16:26:16, 
-116.518936, -900.0, -900.0, -573.929194, -209.55187, 3h2h, KsTs, Th7sQs, Qd, , sb, r300R900c, Cc, R1800f, , 28.2894608974457, 40.1095809936523, 2016/11/15 16:26:54, 
-90.156317, -600.0, -600.0, -185.601544, -324.242138, Ts8d, 4cAs, 2d3dJd, 6c, , bb, r300C, Cr600C, Cr1800F, , 30.4275307655334, 41.7676644325256, 2016/11/15 16:27:42, 
2403.199865, 2700.0, 2700.0, -1397.383415, 1694.183549, 6c5d, 8dKd, 5c8s5s, 4h, 2s, sb, r300R900c, Cc, Cr2700C, Cr8100F, 35.0934588909149, 56.0703632831573, 2016/11/15 16:28:28, 
-92.994977, 200.0, 200.0, 123.982081, 169.012896, 5hJc, 4h8h, JhKs6d, , , bb, r200C, R500f, , , 16.5905730724335, 21.3475267887115, 2016/11/16 13:43:58, 
9.072273, 100.0, 100.0, -54.155941, 145.083668, Tc4s, 3s2d, , , , sb, r250F, , , , 8.76474213600159, 8.79501914978027, 2016/11/16 13:44:22, 
442.243969, 300.0, 300.0, 309.296234, -451.540202, Ts8s, 2sAh, 6c8c8d, , , bb, r300C, R600f, , , 17.2893581390381, 23.7996602058411, 2016/11/16 13:44:38, 
57.211014, -1000.0, -488.937603, 61.225464, -607.374082, 4d9h, 6hKc, JsKd5c, 9d, 8s, sb, r250C, Cr500C, Cc, R1000c, 26.2545208930969, 44.1656835079193, 2016/11/16 13:45:06, 
-15.46593, 50.0, 50.0, -46.587915, 112.053844, Qd3c, 2c8d, , , , bb, f, , , , 0.0, 0.0302488803863525, 2016/11/16 13:46:01, 
45.138203, -250.0, -250.0, -161.418652, -133.719551, 8hKc, Jc5s, 2s6d6s, As, , sb, r250C, Cc, R750f, , 22.4651901721954, 34.4302990436554, 2016/11/16 13:46:08, 
-72.616156, 100.0, 100.0, -5.706159, 178.322315, 5c9h, 3dQs, 5h8cAc, Td, , bb, cC, Cc, R250f, , 23.6920969486237, 36.0861487388611, 2016/11/16 13:46:51, 
-30.330016, -250.0, 182.460061, 60.107425, 152.682652, 4h7s, 8dJc, 8s8c2h, Ts, 7d, sb, r250C, Cc, Cc, Cc, 33.1933381557465, 45.7869253158569, 2016/11/16 13:47:30, 
-8.477818, 100.0, 100.0, 56.690716, 51.787101, AcJd, Ts3c, , , , bb, cR300f, , , , 10.3590619564056, 10.4214909076691, 2016/11/16 13:48:22, 
59.680464, -625.0, -625.0, -361.906012, -322.774452, 5s2h, Ad9s, 4c4sTd, Kd, 4d, sb, r250C, Cr625C, Cc, Cc, 22.8077511787415, 38.0925109386444, 2016/11/16 13:48:41, 
-64.895372, -100.0, -100.0, -47.447673, 12.343045, 9h8c, Js3d, 2dJdAs, , , bb, cC, Cr200F, , , 20.7609977722168, 26.8036518096924, 2016/11/16 13:49:32, 
285.618211, 4000.0, -1958.588038, 990.940301, -3235.146551, 7sQd, AsJc, Jh9c9h, 7c, 7h, sb, r250C, Cc, Cr500R1000c, Cr2000R4000c, 37.9671487808228, 59.259067773819, 2016/11/16 13:50:04, 
-3.8343, 300.0, 300.0, -90.304621, 394.138921, 7h9d, 9hJh, Ad5c8d, 2d, , bb, r300C, Cc, R600f, , 21.1764509677887, 33.3984508514404, 2016/11/16 13:51:15, 
-74.978132, 250.0, 250.0, -90.914316, 415.892448, 5s3d, 9sJc, AsKd7c, , , sb, r250C, Cr500F, , , 15.8238930702209, 23.1801719665527, 2016/11/16 13:51:52, 
47.616012, 2400.0, 476.167252, 254.378233, 174.173007, 4c3c, 9h9c, 4d7c5d, 4s, 8s, bb, r300C, R600c, R1200c, R2400c, 29.6802279949188, 43.2911140918732, 2016/11/16 13:52:19, 
-118.656036, -250.0, -250.0, -104.163341, -27.180623, Qd8c, 6d9h, 9s6h5h, 8d, , sb, r250C, Cc, R500f, , 16.6550951004028, 30.2569341659546, 2016/11/16 13:53:10, 
0.856793, 300.0, 300.0, 127.852022, 171.291185, KsAd, 5h3c, , , , bb, r300R900f, , , , 10.1694629192352, 10.2382898330688, 2016/11/16 13:53:49, 
791.292798, 750.0, 750.0, 55.593458, -96.886255, Qc6s, 3h7h, 6d5hQd, 3s, , sb, r250C, R500r750C, Cr2250F, , 14.4292099475861, 37.8324341773987, 2016/11/16 13:54:06, 
-12.950495, 50.0, 50.0, -5.659666, 68.61016, 7c5c, 2h6s, , , , bb, f, , , , 0.0, 0.048846960067749, 2016/11/16 13:54:48, 
16.72683, 100.0, 100.0, 32.84695, 50.42622, Ks8s, 5hTs, , , , sb, r250F, , , , 6.52847290039062, 6.57083582878113, 2016/11/16 13:54:56, 
-69.913515, -600.0, -600.0, -235.057429, -295.029057, 8h5d, Kh7h, 2dJh3c, 3s, 2c, bb, r300C, Cc, Cc, R600c, 26.4078986644745, 38.5959956645966, 2016/11/16 13:55:10, 
9.559965, 100.0, 100.0, -18.021854, 108.46189, 6dAh, 3h7d, , , , sb, r250F, , , , 6.45251202583313, 6.48367595672607, 2016/11/16 13:55:56, 
462.039543, 4800.0, 4717.685943, 1493.603589, 2762.042811, Jc4h, 4c5d, 4s7s9c, Kc, 4d, bb, r300C, Cc, R600c, R1200r2400R4800c, 42.3945028781891, 58.7893681526184, 2016/11/16 13:56:12, 
226.488278, 250.0, 250.0, 218.51035, -194.998628, 2d6s, JhKd, 6h7h2s, , , sb, r250C, Cr1250F, , , 19.9367740154266, 33.3111369609833, 2016/11/16 13:57:19, 
18.860386, 400.0, 301.949195, 4.603861, 278.484948, Qs4c, 3dAd, 4h9d9s, 3h, Jh, bb, cC, R200c, R300c, R400c, 27.2750351428986, 40.0372240543365, 2016/11/16 13:57:57, 
16.121994, 100.0, 100.0, 46.361633, 37.516373, 7dAd, 4cTs, , , , sb, r250F, , , , 6.58434391021729, 6.62241792678833, 2016/11/16 13:58:44, 
-1736.279528, -20000.0, -11829.100039, -1533.896952, -8558.923559, 2cTh, 8hJh, 9c2h2s, Jc, Jd, bb, r200C, Cr400C, R1000r2000R5000r10000C, Cr20000C, 69.0729632377625, 82.4554970264435, 2016/11/16 13:59:00, 
9.293123, 100.0, 100.0, -16.798795, 107.505673, 9c8s, Qh3c, , , , sb, r300F, , , , 6.2950439453125, 6.32466292381287, 2016/11/16 14:00:30, 
-230.243956, 7200.0, 7200.0, 3451.134257, 3979.1097, TdTs, JdAh, 8dAd9c, Th, , bb, r300R900c, R1800c, R3600r7200R20000f, , 40.4264409542084, 51.7148623466492, 2016/11/16 14:00:44, 
-14.372315, 100.0, 22.93163, -44.040145, 81.344089, 2d3s, 9h3d, 6h8sTs, Kh, 2s, sb, cC, Cc, Cc, Cc, 19.5701050758362, 35.9894368648529, 2016/11/16 14:01:45, 
-4.020302, -200.0, 71.135381, -126.477554, 201.633237, Td6h, Qd2s, 3c6s4d, 7h, Qh, bb, cC, R200c, Cc, Cc, 25.487544298172, 37.1624991893768, 2016/11/16 14:02:26, 
63.051489, -500.0, -182.173459, -406.977298, 161.75235, 5dAc, Js7s, 7cTh5s, Jd, 6c, sb, r250C, Cr500C, Cc, Cc, 24.0433728694916, 42.5887866020203, 2016/11/16 14:03:13, 
-85.256165, 200.0, 197.808205, 10.488302, 272.576069, QhTs, 5d6s, 5c2hJc, Th, Kc, bb, r200C, Cc, Cc, Cc, 29.1257746219635, 44.3722462654114, 2016/11/16 14:04:17, 
-224.114475, -1500.0, 97.76607, 112.556006, 209.324539, JdTh, 9cQc, QhJc8c, 3d, 3c, sb, r250R750c, Cr1500C, Cc, Cc, 55.6103754043579, 74.3351490497589, 2016/11/16 14:05:20, 
-58.488439, 500.0, 500.0, 190.410054, 368.078385, 9d8h, 9hTc, Kd5s8c, Kc, , bb, cR250c, R500c, R1000f, , 29.2586040496826, 44.9849941730499, 2016/11/16 14:08:05, 
-387.236605, 4500.0, 222.058975, 171.003106, 438.292474, Kh4s, 9hQh, Jc4h3s, 7h, Jd, sb, r250R750c, R2250c, R4500c, Cc, 66.9479339122772, 80.12473487854, 2016/11/16 14:08:55, 
-86.251678, -300.0, -300.0, -189.179677, -24.568646, 8dTc, 4d3d, JsJh6h, Kh, , bb, r300C, Cc, Cr900F, , 31.8700268268585, 42.9476659297943, 2016/11/16 14:10:21, 
5.703222, 100.0, 100.0, -54.545439, 148.842218, 4d8c, 2c4s, , , , sb, r250F, , , , 14.5799040794373, 14.6095650196075, 2016/11/16 14:11:10, 
-192.847165, 1500.0, 1500.0, 1996.822184, -303.975019, KhQh, 7c7s, 8hJc5s, Kd, , bb, r300R750c, R1500c, R3000f, , 31.4621777534485, 42.8449215888977, 2016/11/16 16:03:55, 
-109.356961, 250.0, 250.0, 161.013874, 198.343087, 2h5s, 2dTd, 3h5h8d, , , sb, r250C, Cr500F, , , 11.215607881546, 26.3612077236176, 2016/11/16 16:04:41, 
-43.987726, -200.0, -200.0, -101.449685, -54.562589, 7c3d, 5cQd, Kd2hKc, , , bb, r200C, Cr400F, , , 15.94584608078, 19.4255621433258, 2016/11/16 16:05:12, 
-128.161303, 250.0, 250.0, -36.668294, 414.829596, Tc4c, 6d5h, 7hAdAs, , , sb, r250C, Cr500F, , , 15.5367248058319, 23.8928205966949, 2016/11/16 16:05:39, 
-13.004316, 300.0, 300.0, 45.646417, 267.357899, KhJd, 8h5c, , , , bb, r300R750f, , , , 9.90695309638977, 9.96520900726318, 2016/11/16 16:06:08, 
-117.184364, -1500.0, -1500.0, -437.570578, -945.245057, 6h8c, TsAs, 2s4sJh, Qd, , sb, r250R750c, Cc, Cr1500R4500f, , 30.7685933113098, 48.7570247650146, 2016/11/16 16:06:26, 
-152.807851, -4800.0, -4800.0, -1449.494949, -3197.6972, JcQd, 9c8h, 2c5h8d, Tc, 3d, bb, r200R600c, R1200c, R2400c, R4800c, 33.566967010498, 44.4797019958496, 2016/11/16 16:07:20, 
169.950271, -1000.0, -294.595659, -996.622438, 532.076508, 5s8h, TsJc, 8c5dQd, Tc, Qh, sb, r250C, Cr500C, Cr1000C, Cc, 20.3840847015381, 49.5160176753998, 2016/11/16 16:08:13, 
-141.437232, -1200.0, -1200.0, -102.425457, -956.137311, 7s7c, 4c4d, JsQh4h, , , bb, r200R600c, R1200r2400F, , , 25.613068819046, 32.336199760437, 2016/11/16 16:09:12, 
-1576.680878, 6000.0, 6000.0, -580.076377, 8156.757255, 9h8d, AsKd, 4c7h7c, Ac, 5h, sb, r250R750c, R1500c, R3000r6000C, Cr15000F, 41.3300230503082, 59.3767693042755, 2016/11/16 16:09:49, 
-145.266042, 300.0, 300.0, 18.475801, 426.790241, 5cKh, 8s5h, Tc8cQd, Ac, , bb, r300C, Cc, R600f, , 19.0238559246063, 29.7299790382385, 2016/11/16 16:10:56, 
-34.747391, 1500.0, 1500.0, 706.334935, 828.412456, 4dKc, 6h5h, KsTh2d, , , sb, r250R750c, R1500r3000F, , , 23.3395631313324, 31.3577330112457, 2016/11/16 16:11:28, 
-72.113477, -300.0, -300.0, -159.11325, -68.773274, 3s4c, AcJc, TsJdTc, , , bb, r300C, Cr600F, , , 18.0924301147461, 22.4281232357025, 2016/11/16 16:12:05, 
11.084565, 100.0, 100.0, -18.428191, 107.343626, Th8d, 9h3d, , , , sb, r250F, , , , 10.7596790790558, 10.8047571182251, 2016/11/16 16:12:54, 
-23.765005, 750.0, 750.0, 280.561463, 493.203541, JcQs, JdTc, As6s4s, , , bb, r300R750c, R1500f, , , 15.5468060970306, 25.9895050525665, 2016/11/16 16:13:14, 
-87.177368, -1500.0, -507.193443, -250.031612, -169.984462, Th3h, 3dAd, 9c3s7d, Ah, 2s, sb, r250C, Cr500C, Cc, R1500c, 27.3518459796906, 46.5170657634735, 2016/11/16 16:13:42, 
17.079858, -0.0, -282.394694, -357.759273, 58.284721, 5sQd, 3sQs, 6h8dJd, Jh, Ad, bb, r300C, Cc, Cc, Cc, 46.8107631206512, 61.5251591205597, 2016/11/16 16:14:36, 
16.947042, 100.0, 100.0, 25.696172, 57.356786, Qd8d, 6h3c, , , , sb, r250F, , , , 6.91074299812317, 6.94879412651062, 2016/11/16 16:15:45, 
-60.433502, -600.0, -600.0, -137.135616, -402.430882, TdJs, 4h6d, 5s3s7d, , , bb, cR300c, R600r1200F, , , 25.4170880317688, 32.3461430072784, 2016/11/16 16:16:04, 
-56.446997, -625.0, -625.0, -70.039657, -498.513346, Ks2h, 6sAh, 6dAd3c, 8s, Th, sb, r250C, Cc, Cc, Cr625R3125f, 30.121209859848, 50.8977978229523, 2016/11/16 16:16:49, 
-9.762422, 100.0, 100.0, 9.56158, 100.200842, 9hAs, 9d5h, , , , bb, cR500f, , , , 10.8521499633789, 10.9169981479645, 2016/11/16 16:17:42, 
999.589597, 1000.0, 1000.0, 327.912947, -327.502543, 6c8s, 5c4d, 7d4c5s, Ad, 9d, bb, r200C, Cr400C, Cc, R1000c, 33.7357730865479, 48.2869300842285, 2016/11/17 12:57:11, 
7.532106, 100.0, 100.0, -51.741452, 144.209346, 4h7d, 4d7h, , , , sb, r250F, , , , 9.08515787124634, 9.11684489250183, 2016/11/17 12:58:06, 
-157.635286, -600.0, -328.46683, -305.382692, 134.551148, 5d3s, JsAd, 5sTdKd, Jc, 6c, bb, r300C, Cr600C, Cc, Cc, 42.6839480400085, 57.7504460811615, 2016/11/17 12:58:21, 
545.862711, 250.0, 250.0, 285.909508, -581.772219, QdJd, QhJs, Kd2d6d, , , sb, r250C, Cr500F, , , 11.4753620624542, 20.6086132526398, 2016/11/17 12:59:26, 
-228.671359, 200.0, 200.0, 125.481962, 303.189396, 3s6s, TsJc, 3dKh4d, , , bb, r200C, R400f, , , 14.9818370342255, 23.1073882579803, 2016/11/17 12:59:50, 
16.555259, 100.0, 100.0, 56.844084, 26.600656, As8s, 5sJh, , , , sb, r250F, , , , 6.28965616226196, 6.32218098640442, 2016/11/17 13:00:16, 
-19.558891, -100.0, -100.0, -112.739995, 32.298886, 3c5d, Ts9c, 6cKhAc, Qh, , bb, cC, Cc, Cr200F, , 45.3415398597717, 57.2451689243317, 2016/11/17 13:00:36, 
8.600451, 100.0, 100.0, -51.454253, 142.853802, Tc5s, Td4h, , , , sb, r250F, , , , 6.49514389038086, 6.52996683120728, 2016/11/17 13:01:39, 
-56.015289, -100.0, -100.0, -63.284434, 19.299723, 8s7c, 9cKs, Kh5d2s, , , bb, cC, Cr200F, , , 13.9624440670013, 19.0630700588226, 2016/11/17 13:02:00, 
-69.372525, 250.0, 99.755621, 5.595574, 163.532572, Qh6d, 8s4s, Jd4dTd, 9c, 6c, sb, r250C, Cc, Cc, Cc, 30.6164419651031, 44.5825710296631, 2016/11/17 13:02:26, 
-8.542971, 50.0, 50.0, -39.299203, 97.842174, 2h9h, 2s9d, , , , bb, f, , , , 0.0, 0.0511682033538818, 2016/11/17 13:03:17, 
463.817639, -6250.0, 461.330513, 357.452114, -359.93924, 5cQc, Kc5s, Tc5d5h, Js, 6d, sb, r250C, Cc, Cr500C, Cr1250R6250c, 37.7748229503632, 56.9125247001648, 2016/11/17 13:03:33, 
322.529255, 200.0, 200.0, 5.177371, -127.706625, QdTc, Th5s, QcQh3h, Kh, 9d, bb, cC, Cc, R200c, R400f, 25.4172253608704, 39.0194833278656, 2016/11/17 13:04:36, 
74.338758, 1800.0, 637.156816, 24.096793, 538.721265, 2dTh, 4c3c, 8s2c6d, 9c, 8h, sb, cR300c, R600c, R1800c, Cc, 45.2953040599823, 61.1846013069153, 2016/11/17 13:05:21, 
-423.360541, 750.0, 750.0, 151.328505, 1022.032036, 4dAc, Qd2d, 3cTc6d, , , bb, r300R750c, R1500f, , , 22.2011909484863, 29.9127490520477, 2016/11/17 13:06:31, 
-122.916186, 1500.0, 836.288882, 1270.555866, -311.350799, 9cKd, 8s8c, QhJs6h, 2s, Kc, sb, r250R750c, Cr1500C, Cc, Cc, 33.3375291824341, 54.518562078476, 2016/11/17 13:07:04, 
-1.293843, 50.0, 50.0, 121.968388, -70.674545, 7c7h, 9s3c, , , , bb, f, , , , 0.0, 0.0459229946136475, 2016/11/17 13:08:11, 
8.600451, 100.0, 100.0, -51.454253, 142.853802, 5dTh, 4sTc, , , , sb, r250F, , , , 5.91602206230164, 5.94786810874939, 2016/11/17 13:08:19, 
-40.926078, -100.0, -100.0, -119.409583, 60.335661, 6c8h, 4s3c, 7s7dJd, 2s, 5s, bb, cC, Cc, Cc, Cr300F, 23.0981369018555, 36.9321227073669, 2016/11/17 13:08:33, 
11.404574, 100.0, 100.0, -3.59544, 92.190867, Ac8s, 3c9s, , , , sb, r250F, , , , 5.31776094436646, 5.35611391067505, 2016/11/17 13:09:16, 
-242.180304, 2400.0, 2400.0, -860.201505, 3502.381809, 3hAc, As7c, 8h7d2s, Jd, 6d, bb, r200R600c, R1200c, R2400c, R4800f, 32.2767000198364, 43.8370697498322, 2016/11/17 13:09:30, 
-172.390843, -3600.0, -3600.0, -3343.637611, -83.971546, Qd6d, 5dJd, 5cKdAd, 3s, 4s, sb, cC, Cr300R600r1800C, R3600c, R7200f, 27.8969469070435, 52.8858366012573, 2016/11/17 13:10:20, 
-42.086806, 200.0, 200.0, -18.258125, 260.344931, Kh8s, 5sQd, , , , bb, r200R500f, , , , 17.4028329849243, 17.4577207565308, 2016/11/17 15:08:55, 
-65.512844, -500.0, -500.0, -65.104214, -369.382943, TdJc, 6d9d, 5h7dAc, , , sb, r250C, Cr500R1500f, , , 18.9550251960754, 30.5845608711243, 2016/11/17 15:09:20, 
-78.831292, -300.0, -300.0, -141.384965, -79.783743, 2cQh, 3d5h, 3c5sTh, , , bb, r300C, Cr600F, , , 17.3915028572083, 23.1544680595398, 2016/11/17 15:09:53, 
-344.051542, 1200.0, 1200.0, -284.574925, 1828.626467, 7d9s, Th7h, 2cAs4h, , , sb, r200R600r1200C, Cr2400F, , , 23.6094751358032, 37.689453125, 2016/11/17 15:10:21, 
-640.755141, -6000.0, -6000.0, -804.558111, -4554.686747, 5dAd, JhQc, Ts2c9s, Jc, Js, bb, r300R750c, R1500c, R3000c, R6000c, 33.8360970020294, 51.5253009796143, 2016/11/17 15:11:04, 
-62.151909, 250.0, 250.0, -67.60474, 379.756648, 2c9d, 4cQd, 3cTh8s, , , sb, r250C, Cr500F, , , 15.3157017230988, 27.0936057567596, 2016/11/17 15:12:05, 
-378.788721, 500.0, 500.0, 42.025408, 836.763314, 8cJc, As3d, Ks7dQd, , , bb, r200R500c, R1000f, , , 20.982843875885, 26.9648265838623, 2016/11/17 15:12:34, 
22.724763, 800.0, 800.0, 813.768526, -36.493289, 9dQs, 3h9h, Js3d8d, Td, Th, sb, r200C, Cr400C, Cr800C, Cr1600F, 24.2082290649414, 55.6228144168854, 2016/11/17 15:13:03, 
-120.493808, -600.0, -600.0, -171.223246, -308.282946, 4h3s, 9s9d, Jd2sJc, Kh, , bb, r300C, Cr600C, Cr1200F, , 45.475075006485, 54.3912601470947, 2016/11/17 15:14:04, 
-114.839186, 750.0, 750.0, 37.839632, 826.999554, 8hKd, TdAd, 5c6h9h, , , sb, r250R750c, Cr1500F, , , 20.290116071701, 34.0447478294373, 2016/11/17 15:15:03, 
-18.108103, -100.0, -100.0, -137.543979, 55.652083, 5s9c, 4sJc, Ad8s3h, Ac, Jd, bb, cC, Cc, Cc, Cr200F, 89.5709879398346, 102.420147895813, 2016/11/18 09:26:20, 
-13.404499, 200.0, 200.0, 9.56158, 203.842919, Ac9d, 6cQs, , , , bb, r200R600f, , , , 9.78657221794128, 9.8413622379303, 2016/11/18 14:21:21, 
8.288546, 200.0, 200.0, 177.247721, 14.463733, AhQs, Kh6d, 9cTcQh, , , sb, r200C, Cr400F, , , 15.3238956928253, 27.5048806667328, 2016/11/18 14:21:37, 
-162.312186, -1200.0, -1200.0, -343.479534, -694.20828, 8c9h, 7dAs, Ad6hQc, 5c, Ac, bb, r300C, Cc, R600c, R1200r2400F, 36.0162205696106, 47.7363636493683, 2016/11/18 14:22:07, 
99.577966, 250.0, 250.0, 101.199555, 49.222479, Ts8s, 4h8h, JcAs9h, , , sb, r250C, Cr500F, , , 22.6758759021759, 31.8750557899475, 2016/11/18 14:23:00, 
-14.740775, 50.0, 50.0, -2.881866, 67.622641, 4cQc, 2s6h, , , , bb, f, , , , 0.0, 0.0346570014953613, 2016/11/18 14:23:37, 
9.882418, 100.0, 100.0, -38.73526, 128.852842, 9s2s, 2cTh, , , , sb, r250F, , , , 6.01707196235657, 6.05050301551819, 2016/11/18 14:23:55, 
-6.905933, 100.0, 100.0, 101.497435, 5.408498, 6c6d, 2cJh, , , , bb, cR300f, , , , 10.8998000621796, 10.9479930400848, 2016/11/18 14:24:07, 
11.084565, 100.0, 100.0, -18.428191, 107.343626, 8cTd, Qc3s, , , , sb, r250F, , , , 5.08314990997314, 5.11532306671143, 2016/11/18 14:24:36, 
-36.788982, -100.0, -100.0, -109.351785, 46.140766, Tc4s, 2hTs, 7d5dJd, Kd, 7h, bb, cC, Cc, Cc, Cr300F, 67.5816752910614, 80.2938275337219, 2016/11/18 14:24:50, 
-106.386796, 250.0, 250.0, 859.965911, -503.579115, AhAs, Jh2h, 6dQc3d, , , sb, r250C, Cr500F, , , 13.4346852302551, 28.1587653160095, 2016/11/18 14:26:17, 
-150.407657, -900.0, -297.271745, 10.114561, -156.978649, 2dTh, Ts8c, 5cKcTc, 3h, 3c, bb, r300C, Cc, Cc, Cr900C, 101.612512350082, 114.192258119583, 2016/11/18 14:26:51, 
-182.084929, 300.0, 179.541564, 101.432619, 260.193874, 3h7c, 5h2h, 7dAsJc, Jh, 5c, sb, cR300c, Cc, Cc, Cc, 36.8683569431305, 48.6595919132233, 2016/11/18 14:28:52, 
-5.787261, 300.0, 300.0, 77.487045, 228.300216, TsQs, 4d9d, , , , bb, r300R900f, , , , 8.49955415725708, 8.55646014213562, 2016/11/18 14:29:47, 
-258.678709, -500.0, -499.784061, -257.61596, 16.510609, 4s2d, 5cQc, 3d7c6d, Kd, Qs, sb, r250C, Cc, R500c, Cc, 48.1743323802948, 67.1366877555847, 2016/11/18 14:30:18, 
-25.601926, 1800.0, 754.402531, -231.166674, 1011.171131, 8h5c, 7d6d, Kh4d8d, 7c, 4h, bb, r300C, Cr600C, Cr1800C, Cc, 96.3708176612854, 110.387882709503, 2016/11/18 14:31:44, 
-170.415604, -250.0, -197.206841, -153.271616, 126.48038, Td9c, Jc3c, Kd4d3s, 8s, 8d, sb, r250C, Cc, Cc, Cc, 74.2468628883362, 91.1557309627533, 2016/11/18 14:33:46, 
-6.100197, 50.0, 50.0, 130.439233, -74.339036, AhJh, 8s3h, , , , bb, f, , , , 0.0, 0.0364351272583008, 2016/11/18 14:35:39, 
-127.588792, 1250.0, 291.935934, 192.502668, 227.022058, Qc9d, Qs8h, 7c7s3d, 4h, Qd, sb, r250C, Cc, Cc, R500r1250C, 42.5290257930756, 57.7704257965088, 2016/11/18 14:36:00, 
-334.49652, 600.0, 600.0, 1170.747682, -236.251162, 2h6d, 8cKs, 3s2sQc, 6c, , bb, r300C, R600c, R1200f, , 37.460483789444, 49.0256791114807, 2016/11/18 14:37:06, 
3.750262, -250.0, -250.0, -72.433083, -181.317178, Qs5d, 8d7s, 4c5hAh, 8s, , sb, r250C, Cc, R500f, , 44.9043660163879, 59.4690382480621, 2016/11/18 14:37:58, 
-72.975476, -100.0, -100.0, -83.857065, 56.832541, 9dQh, 2c2h, 5s7s4c, 2d, , bb, cC, Cc, Cr300F, , 27.538104057312, 41.437774181366, 2016/11/18 14:39:04, 
4.114342, 100.0, 100.0, -57.345326, 153.230984, 3h9c, 7s2d, , , , sb, r250F, , , , 13.129851102829, 13.1729700565338, 2016/11/18 14:39:55, 
-75.154293, -300.0, -300.0, -127.024643, -97.821064, 4s5d, 9cAd, QdQs3c, , , bb, r300C, Cr600F, , , 34.4755971431732, 38.6632211208344, 2016/11/18 14:40:23, 
-211.406105, -1500.0, -1500.0, -191.012074, -1097.581821, Qs9h, TsJc, JsJdJh, Ac, , sb, r250R750c, R1500c, R3000f, , 31.8109362125397, 39.8161251544952, 2016/11/18 14:41:12, 
-56.080807, -300.0, -300.0, -244.794895, 0.875702, 4d5h, ThTc, AsKs6h, 2c, 6c, bb, r300C, Cc, Cc, Cc, 33.7555510997772, 48.0790209770203, 2016/11/18 14:41:59, 
9.245471, 100.0, 100.0, -47.505115, 138.259644, 4d6c, 8c5s, , , , sb, r250F, , , , 7.07076191902161, 7.10343790054321, 2016/11/18 14:43:06, 
-89.059097, -300.0, -300.0, -88.323432, -122.617472, 7cJd, 3dQh, 8hQsAc, , , bb, r300C, Cr600F, , , 63.979150056839, 67.9664199352264, 2016/11/18 14:43:25, 
-72.578952, -250.0, -93.769335, -171.736674, 150.54629, Kd2h, 3hKs, 3d5h9s, 7h, Ah, sb, r250C, Cc, Cc, Cc, 77.3414528369904, 92.9913098812103, 2016/11/18 14:44:58, 
-109.475938, -100.0, -91.943892, -88.413938, 105.945984, 5c8c, Qd9c, 2s3h6s, Kc, 2c, bb, cC, Cc, Cc, Cc, 73.4380433559418, 89.2130734920502, 2016/11/18 14:46:37, 
-260.122076, -750.0, -750.0, -174.074639, -315.803285, Ah9s, Qc9c, 4cKh3s, , , sb, r250R750c, R1500f, , , 23.0322949886322, 29.895357131958, 2016/11/18 14:48:29, 
-60.633627, -300.0, -300.0, -181.964008, -57.402365, 5c9s, Kh9h, AhKdTh, Ts, Qh, bb, r300C, Cc, Cc, Cr1500F, 64.6046891212463, 77.2649984359741, 2016/11/18 14:49:04, 
10.45485, 100.0, 100.0, -6.18182, 95.72697, 9hQs, 2hKs, , , , sb, r250F, , , , 6.79335689544678, 6.82753896713257, 2016/11/18 14:50:26, 
-35.156003, -100.0, -47.299931, -140.025925, 127.881997, Js2s, Qh7h, 2h5dQs, 3d, 4d, bb, cC, Cc, Cc, Cc, 55.7042229175568, 69.4285986423492, 2016/11/18 14:50:46, 
-1910.575024, -20000.0, -6377.982001, -4342.792798, -124.614179, Qh3h, KcAh, 4s9cAs, 3d, 9d, sb, cR20000c, , , , 39.1822547912598, 39.2136988639832, 2016/11/18 14:52:19, 
-46.209562, 600.0, -172.803442, -150.624048, 24.030167, 5cQs, 4cTc, Js6d9s, 5h, As, bb, r200C, Cc, Cc, Cr600C, 75.8660261631012, 92.4409039020538, 2016/11/18 14:53:27, 
52.815921, 250.0, 250.0, -17.886998, 215.071077, Kc7h, Qh5d, 4c8cTc, 6d, , sb, r250C, Cc, Cr750F, , 33.8932740688324, 53.6066057682037, 2016/11/18 14:55:07, 
-16.706381, 200.0, 200.0, -8.498326, 225.204708, 7dAh, Js8d, , , , bb, r200R600f, , , , 18.9962849617004, 19.0462937355042, 2016/11/18 14:56:24, 
564.274912, 900.0, 900.0, -672.56603, 1008.291118, 7hKh, QdJh, 3h6cTh, Td, , sb, r300C, Cr900C, Cr2700F, , 17.993283033371, 41.8223099708557, 2016/11/18 14:56:57, 
6.787818, 100.0, 100.0, 853.697872, -760.48569, AcAs, 2dJs, , , , bb, cR300f, , , , 10.4445638656616, 10.5011818408966, 2016/11/18 14:57:46, 
372.180619, -1500.0, -1500.0, -1489.915547, -382.265072, Kd8s, 9c8h, 5cKh9h, 4h, 7h, sb, r300C, Cr600C, Cr1500C, R3000f, 31.0366051197052, 57.9073262214661, 2016/11/18 14:58:05, 
-10.042865, 100.0, 100.0, 28.630161, 81.412704, JcTh, 5h4d, , , , bb, cR500f, , , , 9.38070392608643, 9.43995809555054, 2016/11/18 14:59:09, 
-4.052468, 100.0, 100.0, -57.337047, 161.389515, 2d5s, 3h2h, , , , sb, r500F, , , , 27.7199618816376, 27.7600657939911, 2016/11/18 14:59:31, 
-9.175189, 50.0, 50.0, -26.718864, 85.894053, 2dAh, 3s7c, , , , bb, f, , , , 0.0, 0.0337028503417969, 2016/11/18 15:00:08, 
10.387769, 100.0, 100.0, 33.14934, 56.462891, ThKd, Js5d, , , , sb, r500F, , , , 7.06393194198608, 7.09277677536011, 2016/11/18 15:00:21, 
-490.530282, 600.0, 600.0, 409.406997, 681.123285, 8c7d, 4h8h, 7h9dAs, , , bb, r200R600c, R1800f, , , 19.7395260334015, 24.7531821727753, 2016/11/18 15:00:38, 
-1094.916251, 3600.0, 3600.0, -1433.382119, 6128.29837, 3s2h, 6d7d, 2d8h7s, Jh, Kd, sb, r300R900c, R1800c, Cr3600C, Cr9000F, 43.5141072273254, 60.9363555908203, 2016/11/18 15:01:07, 
-48.34882, -750.0, -750.0, -152.23513, -549.416049, 8s7h, 9cAd, KcAs6s, 7c, 3d, bb, r300C, Cc, R750c, Cr2250F, 29.055394411087, 42.0057623386383, 2016/11/18 15:02:23, 
61.084498, 100.0, 100.0, 550.657414, -511.741913, KsKh, 8h5c, , , , sb, r20000F, , , , 7.67416715621948, 7.72581720352173, 2016/11/18 15:03:10, 
-92.263746, -300.0, -300.0, -119.427669, -88.308585, Th4c, KhAc, QcKs3s, , , bb, r300C, Cr600F, , , 26.971186876297, 34.1896078586578, 2016/11/18 15:03:27, 
-872.590977, 2400.0, 2400.0, -158.906145, 3431.497122, 6d4h, 4dAs, 4c9cTs, 9h, 3h, sb, r300C, Cr600C, R1200r2400C, Cr4800F, 29.6800746917725, 60.7579731941223, 2016/11/18 15:04:07, 
-19.420659, 300.0, 300.0, -13.767858, 333.188518, 4hAc, Ah2c, , , , bb, r300R900f, , , , 11.7587912082672, 11.8196752071381, 2016/11/18 15:05:15, 
-13.783716, 100.0, 100.0, 44.763019, 69.020696, Th7d, 4cJd, 5cQdTs, 6h, , sb, cC, Cc, Cr250F, , 65.3142540454865, 82.7326769828796, 2016/11/18 15:05:36, 
-82.054959, -100.0, -100.0, -83.063556, 65.118515, 6sKd, 2sJh, 4c7d9c, Qs, Js, bb, cC, Cc, Cc, Cr300F, 41.1496531963348, 57.4883518218994, 2016/11/18 15:07:03, 
10.211736, 100.0, 100.0, -25.543038, 115.331302, As2c, Tc2d, , , , sb, r300F, , , , 21.0224821567535, 21.0579311847687, 2016/11/18 15:08:10, 
7.315042, 900.0, 653.170282, 66.496478, 579.358762, ThKd, Jd4d, TsAdQd, As, 3h, bb, r300C, Cr900C, Cc, Cc, 117.155310153961, 130.246638298035, 2016/11/18 15:08:50, 
-60.766098, -600.0, -75.916277, -356.874871, 341.724692, 2s4c, 9dAd, 6d8h5d, 4d, 7s, sb, cR300c, R600c, Cc, Cc, 57.4521899223328, 73.4192321300507, 2016/11/18 15:11:10, 
-34.315024, -300.0, -252.149666, -276.180389, 58.345746, 5s9d, 8h6h, 5h7c3c, 6d, Js, bb, cC, Cr300C, Cc, Cc, 46.4911530017853, 63.4730088710785, 2016/11/18 15:12:33, 
18.890737, 600.0, 600.0, 242.673487, 338.435776, QhQs, 4sJh, 3h9hJd, 3s, , sb, cC, Cr300C, R600r1800F, , 21.9825432300568, 46.1928200721741, 2016/11/18 15:14:10, 
-15.46593, 50.0, 50.0, -46.587915, 112.053844, 3sQd, 2d7s, , , , bb, f, , , , 0.0, 0.0488212108612061, 2016/11/18 15:15:01, 
-189.946582, 1500.0, 1500.0, 1009.637393, 680.309189, Th8s, 7h7s, Qh9s5d, Js, 7d, sb, cR300c, Cc, Cc, Cr1500C, 34.5925226211548, 51.6340775489807, 2016/11/18 15:15:12, 
-75.064142, 100.0, 100.0, 198.604089, -23.539947, 5hJh, 4cAd, 7h8s5d, 5s, , bb, cC, Cc, R500f, , 50.9307131767273, 63.1833562850952, 2016/11/18 15:16:12, 
-12.438419, -100.0, -100.0, -116.369652, 28.808071, 7h4c, Jh6h, 2d2c5h, 9h, , sb, cC, Cc, R300f, , 45.1833338737488, 58.1021947860718, 2016/11/18 15:17:20, 
-51.825912, -300.0, -300.0, -171.313847, -76.860241, 2d7h, Qs9s, Ts8sKs, , , bb, r300C, Cr600F, , , 92.1225998401642, 97.1718428134918, 2016/11/18 15:18:38, 
-50.070496, -300.0, -300.0, -152.62615, -97.303354, 8s5c, QhKs, JhAs7d, , , sb, cR300c, R600f, , , 66.4955689907074, 71.9181690216064, 2016/11/18 15:20:27, 
-10.076386, 200.0, 200.0, -13.767858, 223.844245, 4dAs, Qc8d, , , , bb, r200R1000f, , , , 11.2480249404907, 11.3057470321655, 2016/11/18 15:21:47, 
-173.906967, 600.0, 600.0, 715.523436, 58.383531, 4sTh, 6s9s, Kd9h4c, 2s, Td, sb, cR300c, R600c, Cc, Cr3000F, 53.2318239212036, 68.6094007492065, 2016/11/18 15:22:08, 
-52.21038, -300.0, -300.0, -235.807012, -11.982608, 5h8s, Qh7c, 3hKd6s, Jh, , bb, r300C, Cc, Cr900F, , 36.3665249347687, 47.7425727844238, 2016/11/18 15:23:24, 
7.198587, 100.0, 100.0, -38.278631, 131.080045, 5h6c, Jd7h, , , , sb, r300F, , , , 31.6215851306915, 31.6513621807098, 2016/11/18 15:24:29, 
-213.133006, 200.0, 200.0, 111.165906, 301.967099, 6cTd, 8sQd, 6d7sKh, , , bb, r200C, R500f, , , 25.1173040866852, 32.009220123291, 2016/11/18 15:25:15, 
708.688708, 2500.0, 2500.0, 1754.86646, 36.444832, AdQh, QdTd, As6hJh, 2d, , sb, r300R600r1500C, Cr2500C, Cr4000F, , 41.9891018867493, 67.1697590351105, 2016/11/18 15:25:50, 
-101.136376, -300.0, -300.0, -75.414508, -123.449116, Kd2d, Th8c, 8hAs7d, , , bb, r300C, Cr600F, , , 35.5768921375275, 41.955069065094, 2016/11/18 15:27:01, 
-19.07144, 250.0, 250.0, -104.425015, 373.496455, 5h3d, 8sJh, 9cKd4h, , , sb, r250C, Cr500F, , , 19.2187368869781, 29.7980318069458, 2016/11/18 15:28:05, 
-145.493158, -200.0, 88.901606, 7.170748, 227.224016, 4d7s, Qd8h, Js7c8s, 9d, 3s, bb, r200C, Cc, Cc, Cc, 31.1944069862366, 44.8707129955292, 2016/11/18 15:28:40, 
11.034323, 100.0, 100.0, -3.59544, 92.561117, Ad8s, Jh6d, , , , sb, r300F, , , , 5.04858493804932, 5.07924699783325, 2016/11/18 15:29:33, 
-43.639582, 500.0, 500.0, -188.853831, 732.493413, Jd6s, 7sTc, 8d3d9d, 2h, , bb, r200C, R500c, R1250f, , 24.5063202381134, 36.0862262248993, 2016/11/18 15:29:49, 
-414.704912, 5400.0, 2998.749601, -392.247588, 3805.702101, 7d5d, 4hAs, ThKs5s, 7s, 9d, sb, r300C, Cr600R1800c, R5400c, Cc, 33.6426656246185, 53.7524173259735, 2016/11/18 15:30:34, 
-44.103197, -100.0, -100.0, -76.880938, 20.984135, 9h3h, 4dJh, Ts5c8s, , , bb, cC, Cr300F, , , 58.7569561004639, 66.1999611854553, 2016/11/18 15:31:36, 
-109.366579, -300.0, -300.0, -114.460629, -76.172792, 9d3d, 4h8h, KdJhJs, 2h, , sb, r300C, Cc, R900f, , 21.1241769790649, 32.0813381671906, 2016/11/18 15:33:01, 
-269.51845, 300.0, 300.0, 168.949535, 400.568915, 4c3h, JsTs, 7d4d7h, , , bb, r300C, R600f, , , 19.2552890777588, 26.4749040603638, 2016/11/20 12:28:14, 
-554.12202, -2250.0, -2250.0, -474.312042, -1221.565938, 5h6s, QhQs, 2h9h2d, 7d, Js, sb, r250R750c, Cc, R2250c, R6750f, 31.6334478855133, 44.9180021286011, 2016/11/20 12:28:50, 
-61.404581, -200.0, -200.0, -94.672997, -43.922422, 6dQh, Jd7h, 4h2d7d, , , bb, r200C, Cr400F, , , 26.3780827522278, 33.3304388523102, 2016/11/20 12:30:04, 
-11413.154568, -20000.0, -19909.425505, 1229.224644, -9725.49558, Kh2h, 7h8d, 4h5sTh, 6d, 3c, sb, r250C, Cr500R1000c, Cr2500C, Cr7500R20000c, 41.0671842098236, 69.2971630096436, 2016/11/20 12:30:49, 
-470.613181, 600.0, 600.0, 481.747589, 588.865593, KdTd, 3h7h, JcTc6s, , , bb, r200R600c, R1200f, , , 25.8981869220734, 32.4020030498505, 2016/11/20 12:32:07, 
10.252551, 100.0, 100.0, -12.708212, 102.455661, 5dAs, 3d9s, , , , sb, r250F, , , , 6.00918292999268, 6.04016590118408, 2016/11/20 12:32:43, 
-117.6525, -300.0, -300.0, -87.253688, -95.093812, 7d9d, 4sKh, 2dQhJc, , , bb, r300C, Cr600F, , , 31.99742603302, 36.8943691253662, 2016/11/20 12:33:00, 
-89.667122, -0.0, -97.168112, -136.539867, 129.038876, 5hKs, Kh4c, 6hAd9d, 3d, 8h, sb, r250C, Cc, Cc, Cc, 27.3409380912781, 43.9484920501709, 2016/11/20 12:33:49, 
-27.019683, -100.0, -100.0, -90.327548, 17.347231, 3h4c, 6cAs, Jc7dKh, , , bb, cC, Cr200F, , , 30.6367597579956, 35.5629796981812, 2016/11/20 12:34:39, 
211.632692, 500.0, 500.0, 154.007341, 134.359967, 9dQc, 2dKd, 5cTdQs, 7c, , sb, r250C, Cr500C, Cr1000F, , 22.6453120708466, 44.567408323288, 2016/11/20 12:35:35, 
122.832338, 400.0, 400.0, -61.690855, 338.858517, 7c9c, QhJs, 6h9h7h, 3s, Td, bb, cC, R200c, R400c, R800f, 26.9564690589905, 39.7651391029358, 2016/11/20 12:36:36, 
-27.599668, -250.0, -250.0, -144.668323, -77.73201, 2cJh, Ad5c, 5sKhKs, Kc, 9d, sb, r250C, Cc, Cc, R500f, 47.7081582546234, 61.4923341274261, 2016/11/20 12:37:23, 
-0.983644, 200.0, 200.0, 64.4418, 136.541845, KhQs, Qc8s, , , , bb, r200R600f, , , , 7.05876898765564, 7.12451076507568, 2016/11/20 12:38:36, 
10.289158, 100.0, 100.0, -22.223056, 111.933899, Ah3c, Jc5h, , , , sb, r300F, , , , 5.49628210067749, 5.53906321525574, 2016/11/20 12:38:50, 
-54.271354, 625.0, 625.0, -89.147494, 768.418848, 9s7c, Qh3d, 7sQsAs, 2d, , bb, cR250c, R625c, R1562f, , 22.7700297832489, 31.6662266254425, 2016/11/20 12:39:02, 
-59.420604, 250.0, 250.0, -90.288139, 399.708743, 5d9h, 4hKs, 2d7cTh, , , sb, r250C, Cr625F, , , 6.0901927947998, 17.5215840339661, 2016/11/20 12:39:36, 
-65.606602, -300.0, -300.0, -173.991442, -60.401956, 3h2s, 8dKc, 8h7dAs, , , bb, r300C, Cr600F, , , 24.512571811676, 30.0504088401794, 2016/11/20 12:39:57, 
-7268.074171, -0.0, -3958.138262, 901.86902, 2408.066889, 3s6d, 6c3c, 7c9s8c, 4s, Kh, sb, r250C, Cr625C, Cr1562R4686c, Cc, 20.0029871463776, 44.612841129303, 2016/11/20 12:40:45, 
-609.444847, 750.0, 750.0, 430.733878, 928.710969, Qd3c, 9hKs, 3h8d7h, , , bb, r300R750c, R1875f, , , 14.2696471214294, 22.103236913681, 2016/11/20 12:41:36, 
-43.235421, 1250.0, 1250.0, -447.954467, 1741.189888, 5s2c, 4s7s, 6cJd3s, Jc, 8h, sb, r250C, Cr625C, R1250c, Cr3125F, 15.0332450866699, 36.8565270900726, 2016/11/20 12:42:01, 
-37.685836, -625.0, -625.0, -366.696335, -220.617829, 3d4d, 9hTd, KdKcAh, Qd, 5s, bb, cR250c, Cc, R625c, Cr1250F, 28.1141991615295, 38.5971579551697, 2016/11/20 12:42:43, 
2353.430762, 1875.0, 1875.0, 2013.62377, -2492.054532, 6d8d, KdQd, 6cTc6h, , , sb, r250R750r1875C, Cr4687F, , , 12.5818479061127, 31.1485199928284, 2016/11/20 12:43:28, 
-26.204935, 500.0, 500.0, 14.876639, 511.328297, 5cQd, 4cQh, AdTdQc, , , bb, cC, R250r500R1250f, , , 16.6685643196106, 26.7828705310822, 2016/11/20 12:44:02, 
-175.723539, -750.0, -750.0, -414.051123, -160.225338, 4c5c, QdJc, KdJsQs, 9h, , sb, r250R750c, Cc, R1500f, , 19.829549074173, 29.9141330718994, 2016/11/20 12:44:31, 
-38.939824, 300.0, 300.0, -26.485318, 365.425142, 8d7h, 3hKc, , , , bb, r300R750f, , , , 7.46006202697754, 7.52805876731873, 2016/11/20 12:45:05, 
-222.656426, 1562.0, 1562.0, -625.518628, 2410.175054, Jh2h, 7sTd, 2sTcAc, 8s, 9s, sb, r250C, Cr625C, Cr1562C, Cr3905F, 11.6297361850739, 40.0404953956604, 2016/11/20 12:45:21, 
-78.754001, -300.0, -288.133095, -261.057724, 51.67863, 4hQd, 2cKc, 8h6sKs, 7d, 9h, bb, r300C, Cc, Cc, Cc, 23.3169598579407, 38.7270798683167, 2016/11/20 12:46:07, 
15.845367, 100.0, 100.0, 7.955497, 76.199136, 8c6c, 2sQd, , , , sb, r250F, , , , 4.36743521690369, 4.40502333641052, 2016/11/20 12:46:51, 
-38.939824, 300.0, 300.0, -26.485318, 365.425142, 7h8d, 5h7d, , , , bb, r300R750f, , , , 6.11020803451538, 6.1779088973999, 2016/11/20 12:47:03, 
-133.005906, -1875.0, -1874.995077, -929.276168, -812.713002, 8s8d, 9hKs, Kc9d2s, Ad, Qh, sb, r250C, R750r1875C, Cc, Cc, 16.4595031738281, 31.0793182849884, 2016/11/20 12:47:17, 
864.421717, 1875.0, 1875.0, 2349.548559, -1338.970276, 5cQh, JsTd, 5h8dQc, 3s, , bb, r300R750c, R1875c, R4687f, , 17.8247578144073, 27.7464890480042, 2016/11/20 12:47:54, 
-284.201682, -750.0, -750.0, -228.169898, -237.62842, 6c8h, 8dQd, 2d2c3h, , , sb, r250R750c, R1500f, , , 15.620897769928, 21.0616416931152, 2016/11/20 12:48:25, 
-172.827731, 500.0, 500.0, 103.86065, 568.967082, 9h8d, 6h7s, JhKh4h, , , bb, r200R500c, R1250f, , , 14.9629900455475, 18.7092249393463, 2016/11/20 12:48:53, 
-36.354401, 250.0, 250.0, -190.705612, 477.060013, 3hTc, 6sQc, KcKh5s, 9d, Ad, sb, r250C, Cc, Cc, Cr625F, 18.9344489574432, 32.7930970191956, 2016/11/20 12:49:15, 
-706.856333, -4500.0, -4500.0, -1994.81263, -1798.331038, 8sJh, 9h3h, Ah9d7h, 2c, 3s, bb, r300C, R750r1500C, Cr4500C, Cr13500F, 31.7965812683105, 44.7641410827637, 2016/11/20 12:49:53, 
-228.590657, -4687.0, -4183.897854, -1963.081169, -1992.226028, 6sAc, 8h8c, 7h3c9s, Qs, 4c, sb, r250R750r1875C, Cr4687C, Cc, Cc, 21.5442180633545, 46.1311559677124, 2016/11/20 12:50:42, 
-86.543001, -250.0, -157.238708, -145.717902, 75.022195, 3d4d, 7hJs, Qc9s9h, Ac, Jh, bb, cR250c, Cc, Cc, Cc, 22.3872470855713, 34.4369919300079, 2016/11/20 12:51:32, 
14.604221, 100.0, 100.0, -23.698516, 109.094295, 3hJh, 2c8s, , , , sb, r250F, , , , 4.84328317642212, 4.87625598907471, 2016/11/20 12:52:12, 
-83.961673, -1562.0, -682.323528, 236.62667, -834.988525, 8s4c, 6h4d, 5dJc7s, Jh, 8c, bb, cC, R250c, R625c, R1562c, 18.1355020999908, 31.0404393672943, 2016/11/20 12:52:25, 
-227.209805, 250.0, 250.0, 178.830602, 298.379204, KdAc, 6h2h, 8d5sQh, , , sb, r250C, Cr625F, , , 7.16620397567749, 19.170872926712, 2016/11/20 12:53:04, 
-77.877944, -300.0, -300.0, -267.206942, 45.084886, 3hTs, KsQd, 7h7s5h, 8h, Qs, bb, r300C, Cc, Cc, Cr600F, 25.4132499694824, 39.4758470058441, 2016/11/20 12:53:29, 
13.115917, -250.0, -250.0, -186.134593, -76.981324, Jc3h, 6sJs, 7s9s4h, 2c, , sb, r250C, Cc, R500f, , 26.0129022598267, 41.209926366806, 2016/11/20 12:54:15, 
-10.777903, 50.0, 50.0, -42.934847, 103.71275, 2hKc, 9c3s, , , , bb, f, , , , 0.0, 0.0509669780731201, 2016/11/20 12:55:08, 
-67.180622, 250.0, 250.0, 344.580182, -27.39956, Ac9h, Tc7s, 3hTdQh, Kh, 8h, sb, r250C, Cc, Cc, Cr750F, 23.9793221950531, 43.2832314968109, 2016/11/20 12:55:22, 
119.272673, 4687.0, 4687.0, -1838.535271, 6406.262598, 6cAd, 8c8d, 4s2h3s, Qc, Ks, bb, r300R750c, R1875c, R4687c, R11717f, 24.7478358745575, 41.6571271419525, 2016/11/20 12:56:12, 
-24.565901, 500.0, 500.0, 7.58367, 516.98223, JhAc, 2cJc, 5sKcJd, Qs, , sb, r250C, Cr500C, Cr1250F, , 25.0141201019287, 47.9419779777527, 2016/11/20 12:57:00, 
-44.085147, -200.0, -200.0, -103.97217, -51.942682, 6c3s, Ac9c, 2c8c2s, , , bb, r200C, Cr600F, , , 35.4539668560028, 40.9340097904205, 2016/11/20 12:57:53, 
682.104469, 1500.0, 367.080457, -806.808482, 491.78447, 8cJs, 8dQs, Th9c7d, Ts, 9d, sb, r250C, Cc, R500c, Cr1500C, 38.2066025733948, 54.4047455787659, 2016/11/20 12:58:40, 
-81.858997, 100.0, 100.0, -12.438978, 194.297975, 4hKc, JsTc, 2hAs5h, 2c, , bb, cC, Cc, R200f, , 18.6980950832367, 32.6968479156494, 2016/11/20 12:59:45, 
-39.938969, 100.0, 100.0, -25.28971, 165.228679, 2hKd, 7s3c, JdQh5s, Ts, , sb, cC, Cc, Cr250F, , 20.5919237136841, 38.9948599338531, 2016/11/20 13:00:23, 
-82.508873, 900.0, 657.28549, 360.016269, 379.778094, Jd2d, KcQc, Ac5cAh, Js, 5h, bb, r300C, Cc, Cr900C, Cc, 35.6052989959717, 49.9426238536835, 2016/11/20 13:01:07, 
-187.218227, -250.0, -206.192118, -143.119617, 124.145725, TsJs, 4cJc, 9d6c5d, Ah, 4d, sb, r250C, Cc, Cc, Cc, 22.4702067375183, 40.7655425071716, 2016/11/20 13:02:04, 
-9.776156, 50.0, 50.0, 45.406967, 14.369189, Ah7h, 2c9s, , , , bb, f, , , , 0.0, 0.0402920246124268, 2016/11/20 13:02:53, 
-267.935843, -9000.0, -4485.052007, -564.023374, -3653.092789, 3dTd, JdJc, Ts6h7c, 2s, Kd, sb, cR300c, R900r4500C, Cc, R9000c, 39.3846571445465, 54.241687297821, 2016/11/20 13:03:01, 
-37.619382, 200.0, 200.0, 9.56158, 228.057802, Ac9h, 6cJs, , , , bb, r200R500f, , , , 11.4271290302277, 11.4831128120422, 2016/11/20 13:04:03, 
-1015.878519, -20000.0, -18636.446703, -875.827288, -16744.740896, 9hTd, KdKs, 5c3sTh, As, 6d, sb, cR300c, R600r1500R3000r7500C, Cr18750C, R20000c, 48.8195331096649, 72.3243067264557, 2016/11/20 13:04:25, 
-214.338686, -1875.0, -1368.948835, -294.371195, -860.238954, 7h4c, Kd6h, Ah6d4s, Ac, 9h, bb, r300C, R750c, R1875c, Cc, 30.9063010215759, 42.9424357414246, 2016/11/20 13:05:42, 
50.250989, -100.0, -100.0, -141.494975, -8.756015, 5d9c, 4d6c, 3c3d7c, 3s, , sb, cC, Cc, R300f, , 19.0095820426941, 32.7168610095978, 2016/11/20 13:06:31, 
-106.899111, 625.0, 625.0, 1202.777055, -470.877944, 8d3c, TsKs, Ac3dQh, 3s, , bb, cR250c, R625c, R1562f, , 28.6297509670258, 38.0737762451172, 2016/11/20 15:04:08, 
-116.188318, -750.0, -750.0, -323.020778, -310.790904, 3h5d, 6s6c, 4dJcTc, , , sb, r250R750c, R1500f, , , 23.7110750675201, 31.3658368587494, 2016/11/20 15:04:51, 
650.536159, -1875.0, 163.956065, -294.597205, -191.982888, 7s2d, AcTd, 2s9d7d, Jh, 8c, bb, r300C, Cc, R750c, R1875c, 23.2115228176117, 37.0581250190735, 2016/11/20 15:05:28, 
-22.743388, 250.0, 250.0, -131.9381, 404.681487, 4c3h, 3c8c, TdJh5d, 7h, , sb, r250C, Cc, Cr625F, , 12.1605470180511, 31.7788319587708, 2016/11/20 15:06:19, 
-17.37987, 100.0, 100.0, -8.469511, 125.849381, 8s2c, Th2s, 4c6c3s, 8h, Kc, bb, cC, Cc, Cc, R250f, 24.7772541046143, 39.9159066677094, 2016/11/20 15:06:57, 
-136.061105, 500.0, 500.0, 531.545623, 104.515482, JhKh, 7dTh, 2d5d8c, Jc, , sb, r250C, Cc, R500r1250F, , 16.6109201908112, 34.7129774093628, 2016/11/20 15:07:42, 
-200.115633, 300.0, 300.0, 34.652878, 465.462754, 6d3c, 7dKh, Ac8c7c, 6h, , bb, r300C, Cc, R750f, , 22.4774639606476, 32.2957880496979, 2016/11/20 15:08:29, 
660.02733, 4687.0, 4687.0, 4137.820501, -110.847831, 9c8d, 7cTs, 9d6h8s, 8h, 2h, sb, r250C, R750r1875C, Cc, Cr4687C, 16.1220579147339, 35.2062840461731, 2016/11/20 15:09:05, 
-68.228959, -100.0, -4.129237, -72.47147, 136.571191, 6h2c, 2sTd, Jd9s2d, 4s, 5d, bb, cC, Cc, Cc, Cc, 52.3415639400482, 67.7488527297974, 2016/11/20 15:09:53, 
20.217801, -625.0, -624.99856, -305.043371, -340.172991, Td6h, JhKd, AdAsJc, 8d, Ks, sb, r250C, Cr625C, Cc, Cc, 16.549929857254, 31.8580718040466, 2016/11/20 15:11:13, 
-89.072248, -300.0, -300.0, -98.116371, -112.811381, 7dJc, 5c3s, KhQd3c, , , bb, r300C, Cr600F, , , 15.0710513591766, 19.69105219841, 2016/11/20 15:11:54, 
-171.61503, -6000.0, -3005.140474, -757.663896, -2075.861548, 7s3d, 5cKc, 8dKh3c, 4c, Js, sb, r250R750c, R1500c, R3000c, R6000c, 29.8467779159546, 42.0366139411926, 2016/11/20 15:12:18, 
-55.84331, 300.0, 300.0, -21.51852, 377.36183, Qd8c, 3h5d, , , , bb, r300R750f, , , , 9.59868597984314, 9.66060996055603, 2016/11/20 15:13:09, 
-6.366438, 750.0, 750.0, 144.492351, 611.874087, 7d7c, Ts9c, , , , sb, r250R750r1875F, , , , 23.06787109375, 31.0524051189423, 2016/11/20 15:13:26, 
-7.247129, -250.0, -250.0, -102.956744, -139.796127, 5hJd, 6s3d, 5s8c9h, Kd, , bb, cC, R250c, Cr500F, , 25.4195482730865, 35.3039956092834, 2016/11/20 15:14:02, 
759.559076, 3000.0, 379.915033, -877.558263, 497.91422, 2c8c, 6dTd, 2s2d3h, 9h, 3d, sb, r250C, R500c, R1000c, R3000c, 22.319657087326, 36.6002218723297, 2016/11/20 15:14:43, 
-131.81321, 200.0, 200.0, 132.142509, 199.670701, Qd2s, 5d4s, 9cQsKd, , , bb, r200C, R500f, , , 18.9790790081024, 22.4609179496765, 2016/11/20 15:15:44, 
9.277345, 100.0, 100.0, -34.732104, 125.454759, 4s9s, 3s6d, , , , sb, r250F, , , , 11.9893522262573, 12.0187571048737, 2016/11/20 15:16:12, 
84.899701, 250.0, 250.0, -180.016897, 345.117195, 8h7c, AhQh, 5h6cKs, 3d, , bb, cC, R250c, R625f, , 23.0696380138397, 34.106210231781, 2016/11/20 15:16:32, 
324.350866, -4687.0, -4687.0, -1783.971662, -3227.379203, QdKs, 3s3d, 9cAd3c, 4d, Tc, sb, r250R750r1875C, Cr4687C, Cc, R9374f, 49.9752149581909, 75.1855340003967, 2016/11/20 15:17:11, 
-238.306351, -500.0, -500.0, -87.996036, -173.697612, TsKs, 5cAd, 7h2d3h, , , bb, r200R500c, Cr1000F, , , 30.5526728630066, 36.7964601516724, 2016/11/20 15:18:34, 
11.219675, 100.0, 100.0, -4.983225, 93.76355, 9hJc, 2d7s, , , , sb, r300F, , , , 12.6877930164337, 12.7338280677795, 2016/11/20 15:19:23, 
-186.915917, 300.0, 300.0, 419.746802, 67.169116, 2dQc, Qs8d, 2h6c3c, 5c, 2c, bb, r300C, Cc, Cc, R750f, 35.2798371315002, 48.313586473465, 2016/11/20 15:19:45, 
-73.000203, 250.0, 250.0, -68.245349, 391.245552, 8s6h, Qs4s, Jd5cKc, 7c, , sb, r250C, Cc, Cr625F, , 18.2052719593048, 36.5840661525726, 2016/11/20 15:20:40, 
-113.894235, -250.0, -250.0, -54.807494, -81.298272, JdTd, 9cTh, 7c5c7h, , , bb, cR250c, Cr500F, , , 22.7466990947723, 29.3750741481781, 2016/11/20 15:21:23, 
10.993299, 100.0, 100.0, -22.223056, 111.229757, Ad3s, 9h4c, , , , sb, r250F, , , , 15.1728079319, 15.210795879364, 2016/11/20 15:22:08, 
40.695122, 3125.0, 3125.0, -1003.60093, 4087.905808, Js7h, 3hKc, 3sTdKh, Qd, Qh, bb, r200R500c, R1250c, R3125c, R7812f, 30.8692872524261, 40.9832797050476, 2016/11/20 15:22:31, 
14.092413, 1500.0, 1500.0, 717.681197, 768.22639, 4cKc, 7dAd, 2hQcKd, , , sb, r250R750c, R1500r3750F, , , 64.0479068756104, 71.3010129928589, 2016/11/20 15:23:20, 
-14.05577, 100.0, 100.0, 8.507982, 105.547788, 6d7d, 9h4c, , , , bb, cR250f, , , , 7.35475897789001, 7.40334796905518, 2016/11/20 15:24:38, 
-55.085661, -0.0, 5.584903, -93.418928, 154.089493, 3dAh, 6sAs, Kh2sJd, 7c, Ks, sb, r250C, Cc, Cc, Cc, 25.5069971084595, 38.7271559238434, 2016/11/20 15:25:00, 
-92.653379, -750.0, -722.9332, -818.91582, 188.635999, 7c5c, 3s8s, 4sTd8c, Ad, 4h, bb, r300R750c, Cc, Cc, Cc, 45.904355764389, 59.5387556552887, 2016/11/20 15:25:49, 
-10.760759, 625.0, -9.71168, -36.607677, 37.656756, 7cTh, 2cAs, Kh7s2d, 8c, Kc, sb, r250C, Cc, Cr625C, Cc, 29.5749187469482, 48.7330479621887, 2016/11/20 15:26:55, 
-18.897108, -250.0, -250.0, -98.489188, -132.613705, Kc6h, 6dJs, Jc2sJh, , , bb, cR250c, Cr500F, , , 56.3039190769196, 60.6595089435577, 2016/11/20 15:27:50, 
-103.658953, -250.0, -122.472386, -200.254479, 181.441045, Kc8c, 9c8s, 3h7s2s, 6h, 5d, sb, r250C, Cc, Cc, Cc, 73.5924618244171, 90.5775947570801, 2016/11/20 15:29:59, 
-18.038006, 300.0, 300.0, 32.365703, 285.672303, KsTd, Qd3s, , , , bb, r300R750f, , , , 8.13725805282593, 8.20675110816956, 2016/11/20 15:31:36, 
21.210278, 100.0, 100.0, 27.450143, 51.339579, JhTs, Js2h, , , , sb, r250F, , , , 4.82939696311951, 4.86188077926636, 2016/11/20 15:31:55, 
-287.338684, -750.0, -423.135958, -456.658696, 320.861422, 2dAd, 6d8c, 9cQs4c, 6h, Td, bb, r300R750c, Cc, Cc, Cc, 53.7962119579315, 67.8451745510101, 2016/11/20 15:32:09, 
11.404574, 100.0, 100.0, -3.59544, 92.190867, As8h, 5d2s, , , , sb, r250F, , , , 5.46619606018066, 5.50274229049683, 2016/11/20 15:33:26, 
-666.421313, 750.0, 750.0, 211.299752, 1205.121561, AdKd, 7s7h, 5cQc9s, , , bb, r300R750c, R1875f, , , 19.2433590888977, 26.1566598415375, 2016/11/20 15:33:40, 
-2276.961115, 3125.0, 3125.0, -52.057109, 5454.018224, As2d, 6s5c, 5h6c3d, 4h, Th, sb, r250C, Cr625C, R1250r3125C, Cr7812F, 26.6653633117676, 50.247590303421, 2016/11/20 15:34:11, 
-296.367555, -1250.0, -1250.0, 25.276432, -978.908877, 7d3h, KhQs, 6c3s6d, , , bb, r200R500c, R1250r2500F, , , 36.0496439933777, 41.484482049942, 2016/11/20 15:35:09, 
-209.368591, -500.0, -499.999969, -348.220481, 57.589103, 5d4h, ThKc, 3c3h3d, 9d, 2s, sb, r250C, Cc, R500c, Cc, 33.8739337921143, 44.7309896945953, 2016/11/20 15:36:14, 
-6.059428, 50.0, 50.0, 131.338834, -75.279406, KdQd, 5c2d, , , , bb, f, , , , 0.0, 0.0438249111175537, 2016/11/20 15:37:32, 
-391.80978, -3905.0, -3882.698498, -729.974959, -2760.913759, Qh3h, Kc8s, 5h3d8c, Td, 6h, sb, r250C, Cr625C, Cr1562C, Cr3905C, 42.0900092124939, 67.4144999980927, 2016/11/20 15:37:47, 
-279.451038, -750.0, -750.0, -437.500605, -33.048357, 4d2s, 3c3d, QsAdTd, Tc, 3s, bb, r300R750c, Cc, Cc, Cr2250F, 48.4314563274384, 60.741856098175, 2016/11/20 15:39:02, 
19.392288, 100.0, 100.0, 24.144771, 56.462941, QcTd, 4s7h, , , , sb, r250F, , , , 6.35805702209473, 6.39859008789062, 2016/11/20 15:40:09, 
-34.781679, -200.0, -200.0, -110.744362, -54.473959, 8s3c, QcAd, 6cKhJc, , , bb, r200C, Cr600F, , , 24.5533759593964, 31.8462381362915, 2016/11/20 15:40:24, 
-146.591455, 300.0, 300.0, -0.036494, 446.627949, 6sAh, 3d9c, Qc4d4s, 4c, 6d, sb, cC, Cc, Cc, R300r750F, 37.4998390674591, 51.4009783267975, 2016/11/20 15:41:06, 
-74.801469, 200.0, 200.0, -56.016774, 330.818242, 2c5d, 3h4s, , , , bb, r200R500f, , , , 11.8162088394165, 11.8787009716034, 2016/11/20 15:42:06, 
-972.334144, 1875.0, 1875.0, 317.248976, 2530.085168, ThKh, QhKc, Ad4h2c, , , sb, r250R750r1875C, Cr4687F, , , 22.127730846405, 37.6219077110291, 2016/11/20 15:42:26, 
-51.499026, -100.0, -100.0, -92.982423, 44.481449, 5d4d, 5sTc, AcTd6c, Kc, Ad, bb, cC, Cc, Cc, Cr200F, 38.1945557594299, 51.9435830116272, 2016/11/20 15:43:12, 
-319.705942, 1562.0, 1562.0, 3847.66757, -1965.961628, QcAc, 8d4d, 7d2c8c, Kh, 6c, sb, r250C, Cr625C, Cr1562C, Cr3905F, 26.7109098434448, 57.3307719230652, 2016/11/20 15:44:15, 
-13.331685, 50.0, 50.0, 0.024906, 63.306779, Qs9h, 8h3c, , , , bb, f, , , , 0.0, 0.0314419269561768, 2016/11/20 15:45:19, 
-144.941047, 250.0, 250.0, 167.180355, 227.760692, 7d3c, Jh6h, Qs7s4h, , , sb, r250C, Cr625F, , , 20.0640008449554, 34.9862990379333, 2016/11/20 15:45:28, 
-173.284257, 1875.0, 1875.0, -565.127356, 2613.411613, Ks8h, QdKd, 6c9dTc, 5h, , bb, r300R750c, R1875c, R4687f, , 70.8494131565094, 81.4734680652618, 2016/11/20 15:46:16, 
11.212127, -250.0, -250.0, -33.857356, -227.354771, 7sJd, QcTh, , , , sb, r250R750f, , , , 24.9280200004578, 24.9795229434967, 2016/11/20 15:47:42, 
-136.455372, -300.0, -300.0, -199.239575, 35.694947, 3cQs, 6c7d, 9h8sJd, 4h, 4d, bb, r300C, Cc, Cc, Cr1500F, 39.0564088821411, 51.5766637325287, 2016/11/20 15:48:13, 
-47.089542, -100.0, -100.0, -99.438369, 46.527911, 8c3h, 6h3c, As2dKc, Ks, 7s, bb, cC, Cc, Cc, Cr300F, 68.4022641181946, 80.8782999515533, 2016/11/26 15:24:32, 
-33.822304, 250.0, 250.0, 187.354516, 96.467788, TsKc, 3c9c, 2hTcQd, , , sb, r250C, Cr500F, , , 12.9684708118439, 22.9223380088806, 2016/11/26 15:25:58, 
38.49895, 1250.0, 1250.0, 23.58855, 1187.9125, Qc9h, 2dTd, QsThJd, Jh, , bb, r200R500c, R1250c, R3125f, , 34.5235559940338, 41.0815260410309, 2016/11/26 15:26:24, 
11.084565, 100.0, 100.0, -18.428191, 107.343626, 8sTd, 5d9s, , , , sb, r250F, , , , 5.63102388381958, 5.66385793685913, 2016/11/26 15:27:18, 
-201.38963, 300.0, 300.0, 396.304267, 105.085363, 9h6s, 5dAc, JhJs7c, 9c, 2s, bb, r300C, Cc, Cc, R900f, 34.7699639797211, 46.9948468208313, 2016/11/26 15:27:31, 
19.249029, 100.0, 100.0, 42.42632, 38.324651, ThAs, 8s5d, , , , sb, r250F, , , , 9.52877593040466, 9.5700159072876, 2016/11/26 15:28:23, 
-88.161166, -200.0, -200.0, -92.412204, -19.426631, Td3s, Qc6d, Qh4sQs, 4h, , bb, r200C, Cc, Cr400F, , 28.2116420269012, 39.2012627124786, 2016/11/26 15:28:44, 
7.597876, 100.0, 100.0, -32.142739, 124.544863, 6c7d, 6hTc, , , , sb, r250F, , , , 10.2772569656372, 10.3207879066467, 2016/11/26 15:29:32, 
-77.287695, 300.0, 300.0, 23.773529, 353.514166, 6s2h, 2cTs, 8hAh4h, Jd, 3h, bb, cC, Cc, Cc, Cr300R750f, 32.6551959514618, 48.1902499198914, 2016/11/26 15:29:52, 
-114.047555, 250.0, 250.0, 227.482384, 136.565171, Ac2c, 6c3c, 8d4hKs, Jd, Ad, sb, r250C, Cc, Cc, Cr625F, 26.3994104862213, 43.1175734996796, 2016/11/26 15:30:46, 
-24.643956, 750.0, 750.0, -222.35735, 997.001305, 4h5h, 4sJh, 3s5s6h, 8c, 3c, bb, cR250c, Cr750C, Cc, R1875f, 40.1968441009521, 53.4529287815094, 2016/11/26 15:31:35, 
-286.942208, -750.0, -726.953023, -417.777474, -22.233342, 9s5d, 4h4d, KcTdQs, 4s, 2d, sb, r250R750c, Cc, Cc, Cc, 34.2516877651215, 45.1970846652985, 2016/11/26 15:32:36, 
46.708014, 500.0, 500.0, 253.252505, 200.039481, 6hKs, 7dKc, 2s6s3h, , , bb, r200R500c, R1000f, , , 22.1266901493073, 28.5048141479492, 2016/11/26 15:33:26, 
10.752455, 100.0, 100.0, -16.798795, 106.04634, 9s8h, 3h4d, , , , sb, r250F, , , , 5.86321878433228, 5.90752077102661, 2016/11/26 15:33:58, 
-37.416275, 200.0, 200.0, -8.781259, 246.197534, 5cAd, 5hQd, , , , bb, r200R500f, , , , 8.3358998298645, 8.38537764549255, 2016/11/26 15:34:14, 
18.866516, 100.0, 100.0, 70.046775, 11.086709, QcKh, 2d9s, , , , sb, r250F, , , , 10.1005680561066, 10.1315960884094, 2016/11/26 15:34:31, 
-38.552813, -100.0, -100.0, -67.61297, 6.165783, 4sKh, 4dJh, 8c6h2s, , , bb, cC, Cr200F, , , 18.6418657302856, 24.0399928092957, 2016/11/26 15:34:51, 
16.619383, 100.0, 100.0, -28.025035, 111.405652, 3d6d, 2d8c, , , , sb, r250F, , , , 13.0178098678589, 13.0482230186462, 2016/11/26 15:35:25, 
-28.115242, 200.0, 200.0, 289.136481, -61.021239, JdQs, 2cJh, 9d7h2d, Kd, 6d, bb, cC, Cc, R200c, R400f, 36.4933567047119, 52.2270684242249, 2016/11/26 15:35:54, 
135.431581, -3000.0, -2768.356876, -1908.128307, -995.66015, 4d6c, AsKh, 3h4hAc, 6h, 3c, sb, cR300c, R600c, R1200r3000C, Cc, 39.4732229709625, 59.4634940624237, 2016/11/26 15:36:53, 
820.013758, -2000.0, -2000.0, -65.320893, -2754.692865, Ac7h, 5hTh, Qh2sAd, Kh, , bb, r200R500c, R1000c, R2000r6000F, , 44.9513432979584, 53.0362384319305, 2016/11/26 15:38:00, 
7.345326, -50.0, -50.0, -57.345326, 0.0, 3d9h, 5cJs, , , , sb, f, , , , 5.33272290229797, 5.33272290229797, 2016/11/26 15:38:58, 
-153.411665, -900.0, -295.032927, -125.807268, -15.813994, 8h3s, 4cKh, 7d7s7c, Kc, Kd, bb, r300C, Cc, Cc, Cr900C, 50.7945449352264, 60.4574997425079, 2016/11/26 15:39:08, 
-16.628907, -200.0, 101.441625, 4.797654, 113.272878, 2cQd, 4dQc, 4h3c7c, Qs, 6h, sb, cC, Cc, Cr200C, Cc, 21.7530028820038, 44.5537619590759, 2016/11/26 15:40:15, 
-24.670505, 200.0, 200.0, -48.992879, 273.663384, 4cJd, 4s6d, , , , bb, r200R600f, , , , 8.67289519309998, 8.7234959602356, 2016/11/26 15:41:05, 
-96.633324, 200.0, 200.0, 133.911972, 162.721352, 3c7h, 4d2d, Jh9h3h, , , sb, r200C, Cr400F, , , 28.8571498394012, 39.0979409217834, 2016/11/26 15:41:21, 
-114.383603, -300.0, -300.0, -131.769779, -53.846618, 5dTc, Qd9d, 4s7h4d, , , bb, r300C, Cr600F, , , 29.2501330375671, 34.460086107254, 2016/11/26 15:42:05, 
24.058784, 400.0, -225.109602, -265.617775, 16.449388, 6c7h, 9hQc, 3s8h6h, 3h, 4s, sb, cC, Cr200C, Cr400C, Cc, 24.1251909732819, 54.7415018081665, 2016/11/26 15:42:43, 
-49.968112, -1000.0, -452.429902, -9.798298, -392.663491, 5sJc, ThKd, 2sJd2d, Ks, 2c, bb, cC, R200c, R400c, R1000c, 30.0583157539368, 43.3375713825226, 2016/11/26 15:43:49, 
-121.541924, -750.0, -750.0, -341.021513, -287.436562, 2h9h, QdJc, TcKc3s, , , sb, r250R750c, R1500f, , , 20.3317158222198, 27.77365899086, 2016/11/26 15:44:42, 
-54.38186, -200.0, -194.606169, -171.205127, 30.980818, 7c9d, Th4h, KcJd6h, 2c, As, bb, r200C, Cc, Cc, Cc, 37.5769340991974, 50.9129323959351, 2016/11/26 15:45:20, 
-2089.046894, -15000.0, -15000.0, -2916.370681, -9994.582426, 4dAs, 9c9s, 2d7s7h, 9h, Jc, sb, r250R750r1875C, Cr3750R7500c, R15000c, R20000f, 43.5997450351715, 53.9289650917053, 2016/11/26 15:46:16, 
-16.209265, 100.0, 100.0, -20.623121, 136.832386, 2sJs, 8s4h, , , , bb, cR500f, , , , 9.23951482772827, 9.29038166999817, 2016/11/26 15:47:16, 
27.856481, 500.0, 500.0, -16.264192, 488.407711, 9d8h, Qh9c, 6d8cJd, Qd, , sb, cC, Cr500C, Cr2500F, , 22.8406248092651, 47.7758057117462, 2016/11/26 15:47:34, 
-10.876449, 100.0, 100.0, -8.498326, 119.374776, 7sAh, 3c7d, , , , bb, cR500f, , , , 8.59929609298706, 8.65105700492859, 2016/11/26 15:48:25, 
-29.513378, -500.0, -500.0, -142.731227, -327.755395, 5h3s, Kd5c, 8h2c2s, Kc, 4h, sb, cC, R200c, Cc, Cr500C, 58.568629026413, 73.3162190914154, 2016/11/26 15:48:43, 
-25.054349, 100.0, 100.0, 42.913251, 82.141098, TsQc, Js7h, 7sKc9h, , , bb, cC, R500f, , , 16.7107858657837, 22.3795597553253, 2016/11/26 15:50:02, 
-622.01336, 1500.0, 1500.0, 376.687289, 1745.326071, TcJh, 6sKs, 9dTsQd, , , sb, r250R750c, R1500r7500F, , , 28.9265270233154, 38.572371006012, 2016/11/26 15:50:30, 
-16.190435, 50.0, 50.0, -53.338427, 119.528862, 3dTs, 2s7c, , , , bb, f, , , , 0.0, 0.0379447937011719, 2016/11/26 15:51:12, 
-10.477729, 600.0, 600.0, 1840.513914, -1230.036185, 5s7d, 2cAh, 6dKsAc, 3h, 4s, sb, r200C, Cc, Cr600C, Cr3000F, 34.9196937084198, 56.4145147800446, 2016/11/26 15:51:24, 
-56.183776, -300.0, -299.998581, -252.764084, 8.949279, 2c3c, Kh3h, AdTs9s, 8c, 7h, bb, r300C, Cc, Cc, Cc, 32.2653648853302, 45.5472238063812, 2016/11/26 15:52:25, 
-27.231288, -300.0, 45.974484, -42.196443, 115.402215, 4hAd, 4cJc, 7c9d2c, 5s, 5c, sb, cC, Cc, R300c, Cc, 27.3981018066406, 44.6493561267853, 2016/11/26 15:53:17, 
-69.769267, -100.0, -100.0, -7.859808, -22.370925, Kd6d, 6s9s, 3d2sAh, , , bb, cC, Cr300F, , , 39.8428745269775, 44.9191205501556, 2016/11/26 15:54:13, 
27.743433, 100.0, 100.0, 82.384329, -10.127762, 4h4d, 7dQc, , , , sb, r300F, , , , 12.9572689533234, 12.9877817630768, 2016/11/26 15:55:03, 
-7.701104, 100.0, 100.0, 127.852022, -20.150918, AsKd, 2dKs, , , , bb, cR500f, , , , 8.47519493103027, 8.53101301193237, 2016/11/26 15:55:27, 
54.305218, 100.0, 100.0, 132.273183, -86.578401, QhTh, 6h9c, 3h5dTd, , , sb, cC, Cr250F, , , 12.5533120632172, 27.2511579990387, 2016/11/26 15:55:48, 
-80.372229, -300.0, -300.0, -223.608146, 3.980374, Kc8s, 6hTh, TsJhJs, 2s, 7c, bb, r300C, Cc, Cc, Cr900F, 37.9969630241394, 52.214751958847, 2016/11/26 15:56:19, 
9.259004, 100.0, 100.0, -42.463235, 133.204232, 5h4c, 5c8h, , , , sb, r250F, , , , 6.99561715126038, 7.02729320526123, 2016/11/26 15:57:15, 
-18.513062, -0.0, -96.69925, -194.069819, 115.88363, 7c4s, 4d8h, 4h9s6d, Kd, Tc, bb, cC, R250c, Cc, Cc, 35.9868559837341, 49.723837852478, 2016/11/26 15:57:30, 
1.477533, 300.0, 300.0, 24.144771, 274.377696, TsQd, 5d6d, , , , sb, cR300r1500F, , , , 18.6557967662811, 18.7062907218933, 2016/11/26 15:58:28, 
-87.05548, -300.0, -300.0, -121.702938, -91.241582, 8s3d, KcAh, 9sTh9c, , , bb, r300C, Cr600F, , , 26.3817570209503, 31.0358059406281, 2016/11/26 15:59:17, 
-22.796526, -100.0, -41.147481, -95.535778, 77.184824, Tc4s, Td3c, QhQdJd, 7c, 3h, sb, cC, Cc, Cc, Cc, 149.012638807297, 163.528527736664, 2016/11/26 16:00:05, 
